-3.678391782101807228e-02,-1.231205086263897214e-01,-2.286259206879188155e-01,-7.814190679798837386e-03
-8.690162573947616403e-03,2.054846081778858025e-01,3.538874392032201888e-01,1.297357737772408641e-02
5.550436688813736169e-02,-6.968939007430802191e-02,3.677549808946745658e-01,1.600855044763744850e-01
4.510256370430730521e-02,1.796960997456144571e-01,3.397185383233120581e-01,-8.617395883528106279e-04
-2.106898419253488974e-02,-1.254859812353304460e-01,-2.082111934096365358e-01,8.421621022376054796e-03
-1.377658468824515536e-01,1.451678562352662627e-01,-2.363644544592432006e-01,-7.738209270869750300e-02
8.608120064287980155e-02,-1.706467349437015835e-01,-1.601109010654406528e-01,-1.416681024488635476e-01
1.017378584441746836e-01,-5.530031887067548418e-02,3.378682412188600548e-01,1.493496813925186684e-01
4.783987570982137227e-02,1.005352950339246237e-01,3.440047502615078967e-01,1.275541179625610871e-03
2.008548563859658687e-01,-1.019579256396061090e-01,3.402036401940475296e-01,2.455489124447141069e-02
-6.251442855160251055e-02,1.969646395153167029e-01,3.974311327672490068e-01,1.177411845391908643e-02
-3.328007797531264134e-02,-1.272167053843967499e-01,-1.875454247964274124e-01,-5.830232965898889119e-02
-6.071092520872618109e-02,-1.279810316355254052e-01,-1.469524690857947347e-01,-5.070011188507856509e-02
-4.396484852411208788e-02,-2.253489300189466527e-01,2.473670905520041208e-01,-8.439784982407083636e-02
-2.872185979176867729e-02,1.593241354464292880e-01,3.835040757096989106e-01,-1.045088917947643511e-02
8.648649043076936382e-02,-1.824365742165753312e-01,-1.206899461430286508e-01,-1.797045078862931355e-01
-8.270454550503644406e-03,-2.094803612967331419e-01,1.954300785613704572e-01,-9.402380052925947418e-02
-3.841372523072053569e-02,2.651431998671209198e-02,-2.202108168069953353e-01,7.576568423587796974e-02
1.211094939435268525e-01,1.116711947446623332e-01,-1.631836494604254062e-01,2.640584229571096841e-01
9.189530218897357106e-02,-1.540125240012167052e-01,3.428311116006002579e-01,6.294157239651958224e-02
7.927376979033616544e-02,2.350211939113987514e-01,-1.575922110001563847e-01,1.695270948329687111e-02
-9.894456034768850383e-02,-2.368241344363993250e-01,1.879608148965456749e-01,-3.853665792758349806e-02
1.480047536247311706e-03,-1.565978251691618195e-01,3.065902761485350125e-01,9.218296366925565755e-02
-2.796109248770586170e-02,1.328467060070342709e-01,-2.337921960480790484e-01,-1.274379552863762199e-01
-4.063078880244802571e-02,1.333384717796378682e-01,-2.213970699601731373e-01,-2.176551508321406259e-01
-6.731220285695731220e-02,4.617343676751416159e-02,-1.938744307023042568e-01,-9.133134102337946147e-02
5.065093214206141219e-03,1.395690111891758900e-01,-1.933828081395363441e-01,-2.475958340789701784e-01
-5.108057193666405704e-02,1.293201597934789948e-01,-2.180968605338686472e-01,-2.264872651380709923e-01
-4.193352466298420900e-02,-8.172789705325954335e-02,-1.788793855297085567e-01,-9.380373056917369612e-02
-1.010258215217211264e-01,-1.930054060720324538e-01,2.472688187190519860e-01,-1.395821289404246546e-01
5.579907391953491114e-02,-1.363850082330705649e-01,3.066337631887082193e-01,-1.239236669029679903e-02
-1.764036539137695814e-01,-2.232241384182238331e-01,2.227039090514217334e-01,-5.942065453455398771e-02
-1.226761718044948879e-01,-5.697987521184240400e-02,2.510140623074497146e-01,-2.777025531062344288e-01
1.276106848358504464e-01,1.527632258905315121e-01,2.203371211176775313e-01,-7.705556965918514134e-02
6.829705584628359416e-02,-1.291094075886282944e-01,3.789963474813871636e-01,5.547146644583460240e-02
-1.372168273127051252e-01,-2.432232328006147248e-01,2.444160767639207976e-01,-1.303205544657272119e-01
6.529635694505599164e-02,-1.590012559817047533e-01,-1.246374073555496231e-01,-1.580022314229284075e-01
-4.623302161076333489e-02,-7.825973806243433084e-02,-1.949460615327585911e-01,-7.690571660916967200e-02
-3.861145847938774606e-02,2.342256678991810337e-01,3.904777061109581116e-01,-7.243645334586960860e-02
3.441039821362204543e-02,1.033600985204765343e-01,4.326535956698345231e-01,-6.768630219051880240e-03
-1.170788452760871540e-01,7.229032302610148564e-02,-2.475425878179760009e-01,-1.140134277471663155e-01
2.296224931995341847e-02,9.798610890689887776e-02,4.567647461250187169e-01,-1.405764216698893697e-02
-2.817758534636647175e-02,-7.403565471162443234e-02,-1.681796206026001661e-01,-6.595167715453535695e-02
1.992103724481269766e-01,1.401174942657382738e-01,2.934937076164965131e-01,-4.916611214548240877e-02
1.781236088896652470e-02,-1.431540614339028294e-01,-1.230024231205609497e-01,-1.080004141496291176e-01
-4.263221129242828616e-02,-8.198364164060595316e-02,-2.143171763617469916e-01,-6.741150852034474839e-02
-1.887989240669890774e-03,1.946604350864033772e-01,4.093523531406562110e-01,-4.846933680150818796e-02
-5.903304845064964029e-02,1.120331333485291292e-01,-2.447841375821810661e-01,-1.445604851308246730e-01
1.882457340783226241e-01,-1.407301053465613849e-01,-1.671499947908796080e-01,-2.067101717560083096e-01
3.606633109513512209e-02,1.033354782043580389e-01,4.309523086385332880e-01,-6.698655753145624399e-03
-4.187651574185891762e-02,-8.681264611502641226e-02,-1.958596799550537670e-01,-7.179569600318667921e-02
2.668210501858513106e-02,-1.812235576582798269e-01,3.462951136605744717e-01,1.190180116399807038e-02
-1.957893224028968079e-02,-8.088509014727586488e-02,-1.867385140229355089e-01,-1.191420014046254139e-01
7.295545653401853958e-02,-5.384844397404622840e-02,-2.538855380999311961e-01,-7.156601227516785901e-02
-4.012566171079157140e-02,-2.230836772047462280e-01,2.815646671841203208e-01,-1.146998660837068723e-01
-4.169257674294492982e-02,-1.148215279120285868e-03,-2.768770759401687487e-01,-5.662666985289146332e-02
-2.136146525808335639e-02,-7.733551159933536867e-02,-1.785488146711080304e-01,-1.090987462865995322e-01
2.527226519976000230e-01,2.183097934763861617e-02,-1.110733380834412753e-01,1.501751689230751141e-01
-8.957474114852429642e-03,-7.277585486805711323e-02,-1.557059584519573103e-01,-3.890525038025886145e-02
4.718873766115178614e-01,1.447468265486651917e-01,-1.122757082697103947e-01,-7.070303270559608055e-02
1.105012079850523077e-01,-1.400710257856480900e-01,2.587602106355434417e-01,1.444650693499264782e-01
-6.072029881908893451e-02,-8.370377557051429662e-02,-2.064501417008542117e-01,-2.547032172466806924e-02
1.835292079533260567e-01,1.505103493732341119e-02,-1.036887444161721378e-01,1.987639637103951751e-01
-7.590205115508313243e-04,8.911919655479078051e-02,-2.328085948939663807e-01,-1.718961189643993248e-01
3.067753491573396024e-02,1.361953125173873957e-01,4.208117988366822937e-01,-4.029184084922417947e-03
1.290781192931098886e-01,-1.380431341812523027e-01,3.391428464750018690e-01,1.034776305980174005e-01
-1.622454229672941686e-02,-1.124590954266426190e-01,-1.590035316730160075e-01,-6.865736841873819329e-02
7.585546991529149019e-02,1.921876533543687149e-01,3.418368702970322470e-01,-2.622453138181196283e-02
7.077946170191281965e-03,-8.183984418457967980e-02,-1.926234146286773530e-01,-4.895922517205958391e-02
4.100304467559821170e-02,-6.207646978222081807e-02,-1.567451891198998748e-01,-6.852592358860348787e-02
-2.845716834859197270e-02,-1.021714458098318956e-01,-1.719773492477437160e-01,-1.037385744089591166e-01
-1.164040769386372048e-01,1.212362206325225261e-01,-2.483273211994103946e-01,-1.328493603096028708e-01
8.212872411153103068e-04,-9.862972039145304071e-02,-1.611261634794753650e-01,-1.274099411853133745e-01
-8.353728452971106999e-02,-8.311411720205952314e-02,-1.614705987102287854e-01,-7.822253737312752364e-02
-1.443646044873047873e-01,1.082650089613159117e-01,-2.365044090149209244e-01,-1.037405332742175196e-01
1.752878945673443101e-01,3.008777973778123394e-01,-1.854554532157881852e-01,-1.705477654449029032e-02
6.082351653193956986e-02,1.101265193796697461e-01,4.440578777037336167e-01,-2.135245143046087674e-02
2.010892931377336601e-03,-4.447236507409419413e-03,-2.719635237821609319e-01,-6.194467045693307500e-02
-5.248666217386799282e-02,-2.318253260738949439e-01,2.541085812568761315e-01,-1.061411308242378032e-01
-2.082271402309758893e-02,1.533382607010559950e-01,-2.549998979071175231e-01,-1.738601865859640272e-01
-1.520713006395135215e-02,-8.838319922855872313e-02,-1.840897764535986136e-01,-7.866443206901824192e-02
-5.053020786635162992e-02,-8.854807818091894878e-02,-1.841233737005043558e-01,-7.314287806735152164e-02
-2.786742852765552655e-02,-9.082807771092971105e-02,-1.567387748109503876e-01,-1.009102567655910943e-01
9.393749209762808361e-02,-1.631419525686235439e-01,3.620286477696589844e-01,3.083127488621415641e-02
-6.136631670725607723e-02,-8.645894507654684757e-02,-1.737427149644145130e-01,-7.477656106690862281e-02
-1.104727948861904258e-01,1.204286190539618079e-01,-2.437827455277698507e-01,-1.625176164551282720e-01
-3.954338636040793248e-02,-2.621128039776380314e-01,2.120861578692885552e-01,-1.767745053463668226e-01
-2.778946515563513256e-02,-8.226132527746739254e-02,-1.807479489984954446e-01,-7.554579838352822041e-02
-2.702275453351779891e-02,-2.418334410471058293e-01,2.407269449302764652e-01,-1.482152871647769710e-01
-4.712008356218452126e-02,-2.536775606524657167e-01,2.373419073220726094e-01,-1.828888009225460021e-01
-3.205022627156662446e-02,-7.928885309146777027e-02,-1.651533733000525583e-01,-7.985208515203884305e-02
-8.842134647953883708e-02,-7.329025081884868453e-02,-1.450414839898673258e-01,-8.959145652687217076e-02
-1.140239869151175693e-02,-2.477511061728492406e-02,-2.637477252653894766e-01,-6.641930324094026672e-02
3.327717263645147555e-02,1.160779606967164146e-01,-2.245606235866746958e-01,-2.011390475616172957e-01
-1.519898644794909041e-02,-1.909511990889414812e-01,1.459223731363949450e-01,-2.061167254146296368e-01
-3.813901384544891859e-02,-9.430073220437075465e-03,-2.677809826885858557e-01,-7.099446806065430604e-02
3.484973005111548922e-02,-6.327348391921408521e-02,-2.584018118528059738e-01,-6.951897209422205903e-02
7.780630146801077729e-02,1.089414695592873100e-01,4.140730361199478904e-01,-2.716534496236613916e-02
-1.211847582682691604e-01,9.486810181211882687e-02,-2.202864530086409423e-01,-1.597414283503368337e-01
2.011584634031639840e-01,-6.330313173701389295e-02,-4.347491236961417010e-02,1.392750428883373082e-01
1.183041098206345232e-01,4.801858669321082927e-03,-1.078234845857011098e-01,1.883729782806181918e-01
-1.054896503677689307e-01,-7.622082730544731122e-02,-1.009498380074626417e-01,-5.368422213444814378e-02
-5.095276303505566484e-02,-7.189408241378485165e-02,-1.815155809546764309e-01,-2.198211141160888449e-02
-4.349840201050288874e-02,-6.548304678482130825e-02,-1.591469544106686451e-01,-4.821613460913263399e-02
-2.175549809790380817e-01,-2.749893379322549403e-01,1.956249403621763694e-01,-5.942515926600656917e-02
3.752265548051872401e-02,1.159011597579785585e-01,4.286613835566436825e-01,-1.842973661025966783e-02
-2.455545398687300832e-02,-1.123937473733303410e-01,-2.162800852903330462e-01,-4.311525116458855139e-02
-2.617762603979331346e-02,-5.187624203517023080e-02,-2.563092052278224675e-01,-4.198146451233874393e-02
3.639719414200640046e-02,1.752054212252324161e-01,4.127068654184214425e-01,-5.065401860077969193e-02
-3.713852849686979235e-02,1.392300877034804152e-01,-2.481298825361878402e-01,-1.803062144855472615e-01
-2.526516345859188342e-02,-8.045094887982646992e-02,-1.801696505530061831e-01,-1.045877492370101379e-02
2.088682845501326629e-02,7.864992914057031270e-02,-2.355008614102691578e-01,-1.803804340004378226e-01
1.307526352491249766e-01,-1.116070123534884523e-01,3.977932903179913771e-01,1.067165489712478127e-01
1.110350277049711176e-01,-8.897434842456972137e-02,2.976562499404460937e-01,1.039385329640267752e-01
-5.674311780938676164e-02,-6.662403760099591676e-02,-1.974745620072917429e-01,-2.550282039745071019e-02
-4.615755824350447484e-02,-2.060007791679219213e-02,-2.690791694275754264e-01,-5.050773222725370160e-02
-2.678745535760718513e-02,-1.567232538357087382e-02,-2.684004362320931425e-01,-5.548432084185450641e-02
2.512358372076310964e-01,3.214540411978693280e-02,-1.182381883922000998e-01,1.385124092496551607e-01
-7.034580136623878877e-02,-2.324973049752017684e-01,8.895530005461452228e-02,7.543268471700270532e-03
-4.111018210046159249e-02,-2.919903893996323579e-02,-2.800883750264458460e-01,-4.594694174825392913e-02
-4.951364699818183723e-02,-1.126219256850720732e-03,-2.621011349131944224e-01,-7.360353664689878173e-02
-9.184480984849713314e-02,9.078035271769355208e-03,-2.534470631515901573e-01,-7.013070008680835632e-02
5.353672310598187045e-02,1.445230275391095054e-01,4.164098666252870617e-01,-3.081415508549858670e-02
-1.244096023938362633e-01,-7.549111469001788810e-02,-1.508610589781171629e-01,-5.558276175315471357e-02
-1.053940966531546897e-01,-1.017332388759236289e-01,-1.380942692041211561e-01,-6.112293308192689317e-02
-1.106381189647366592e-01,1.272425016066768555e-01,-2.160779416055560176e-01,-2.068709788515095405e-01
9.383604519029459246e-02,-1.361140998294367299e-01,3.631029010832602100e-01,8.283061574075778477e-02
-4.137052595501247709e-02,-7.055212118466329396e-02,-1.916349685761808974e-01,-8.278692209926982737e-02
-7.682361184293703960e-02,-8.258442071317921573e-02,-1.235810738914399493e-01,-8.335543136757109228e-02
-1.487320045121692628e-02,1.643694222799596816e-01,4.346803106829803531e-01,-3.052107032683818930e-02
5.494992362006909797e-02,-4.924391428455320713e-02,-1.679511432397715054e-01,-3.409940391086917905e-02
-1.841805789655802730e-02,-9.953386527901389447e-02,-1.981271682885457630e-01,-3.026544635100839389e-02
2.263511439609189324e-01,-1.416586621780938360e-01,-1.595937796160292188e-01,-1.614432399819220876e-01
2.838374120380287025e-01,-9.225196338012695008e-02,-6.186312001573610747e-02,1.039331335427073344e-01
-2.562027854871447574e-01,-2.618775222701084648e-01,1.975110483134887296e-01,-3.577527837135778543e-02
-3.955699347373509145e-02,-8.258680631351111856e-02,-1.770454587408224756e-01,-6.715527928705729288e-02
-1.457606639152058958e-01,9.304441024198314980e-02,-2.182736679536980973e-01,-1.153546161882064436e-01
2.375044891832122917e-01,-1.277694499396341554e-01,-1.700807872705505097e-01,-1.459987897881553642e-01
2.116344740751902875e-01,-5.782142232461214698e-02,2.910069266835621504e-01,-2.116451624926205671e-02
-3.227001860045530801e-02,-7.167110081830581347e-02,-2.083608605700403849e-01,-5.404255782632387539e-02
-1.441534983123530789e-01,1.234598888064779021e-01,-2.094376913072190649e-01,-1.662132370020317773e-01
-2.644290877897919473e-02,-8.340704781721108851e-02,-1.952892094447016835e-01,-4.120537177423345271e-02
-1.988947340709215361e-01,1.371447022055865550e-01,2.908907432864151210e-01,-2.154852492361983840e-01
-4.200853130269145003e-02,-1.804605919098945313e-02,-2.643501593229579671e-01,-7.193978799848732564e-02
-4.177271802045283422e-02,-1.090386629273675245e-01,-2.062624332279566486e-01,-4.927072363934840299e-02
1.292110050378715014e-01,-1.532079875675056713e-01,-1.176256768464894048e-01,-6.472187843900309434e-02
4.933384684940391174e-01,1.324614571492399029e-01,-9.951100016437909590e-02,-3.263346329402312673e-02
2.404877130054452194e-01,-8.201938673485797970e-02,2.892098842433090677e-01,4.597725167098137139e-02
-1.940025213005435595e-02,2.534509203123356258e-01,-1.817136220572935223e-01,1.113184160598878342e-01
-9.665679838103441446e-02,-1.540813296809086796e-01,-1.305624441527805102e-01,4.956034399596923046e-03
-6.383276602405207889e-02,-1.328761609298846347e-01,-2.040894869447963667e-01,1.445387608360773103e-02
7.312472507773454256e-02,7.398130309314032704e-02,4.066850030280269590e-01,9.864430985978177996e-03
7.500011434781239661e-03,-3.988637937321432014e-02,-2.407229938155011351e-01,3.676482393880928928e-02
9.398755659103619209e-02,-1.054060272144687477e-01,3.504129939532310001e-01,1.746609388550785791e-01
5.062172153689972198e-01,9.476865100936004982e-02,-8.046341750462596143e-02,3.313301331114374554e-02
-4.922975936845344624e-02,2.652163344216661445e-01,2.968602379075685471e-01,2.080864922409969911e-02
-8.166900411972770335e-02,2.240699192077750257e-01,3.660228083701211887e-01,5.231738726713026227e-03
-1.242723670853486811e-01,-1.463440387282740340e-01,-1.238268032777847666e-01,-1.901328723719032708e-03
-1.230496730459215426e-01,-6.375239723367785716e-02,3.291649178319826508e-01,-1.587073853675048940e-01
-8.347042510630844903e-02,-1.125289056812019961e-01,-1.723765282066405113e-01,-1.796867882097573019e-02
-7.231576647557286242e-02,-1.373244760527202457e-01,-2.007433092516264783e-01,4.039013964794375619e-03
-1.463573066935363043e-01,-1.190268396986609578e-01,-1.166188771995427809e-01,-4.341514223387239572e-03
1.201275464042292351e-01,-1.474378338377940224e-02,-1.169644924308622103e-01,3.152361915952849869e-01
-6.357192625597855862e-02,-1.348411457474777975e-01,1.304531788119376035e-01,-1.838464462360902760e-02
-1.793475602221778625e-02,-9.407118302616242211e-02,-1.655666428775414978e-01,1.228044110795278084e-03
1.482868797858653831e-01,-1.488569467956077017e-02,-9.860321421342027604e-02,2.688574912919882709e-01
1.312636249053238946e-01,-1.086116632401658288e-01,2.378626409320973301e-01,2.131408595876179979e-01
6.739445813027475363e-02,3.358751315136065951e-01,-1.569197314424995160e-01,1.773056039834959019e-01
-4.648191562380477038e-02,-9.043806228605449915e-02,-1.748457295359821806e-01,6.542116963071523128e-02
4.538318007903659884e-02,4.918453129162717041e-02,4.439820692518516854e-01,2.510568156236831633e-02
-6.961695914993991374e-02,-9.230565386054447041e-02,-2.025359046487090198e-01,5.811397984406727057e-02
-7.276094939123094185e-02,-6.496548228512877277e-02,-2.653296560145878003e-01,6.711549875820384779e-03
2.974205589335991023e-02,1.975993776254410528e-01,3.151466610712464478e-01,5.116736759483121039e-02
1.010319133045239487e-01,-8.550916808476084763e-02,2.358219296305063273e-01,1.523107873346043473e-01
-6.533740350916604489e-02,-4.532576778201295037e-02,-2.497276893322056268e-01,4.046322808259095703e-03
4.661544003894511901e-02,1.951381447062318086e-01,3.055198464887077248e-01,4.638203095099302509e-02
-7.313711132419264960e-02,-6.789721772222877261e-02,-2.655299998952643237e-01,2.021979112655912167e-02
1.687261033904069174e-01,-3.805823228929437058e-02,-1.389073509655486816e-01,3.018949420493093339e-01
-1.835560273777451373e-02,-1.724572217836279064e-01,-2.136880942055829069e-01,2.815638091186221936e-02
-1.673475648916530056e-01,-9.974572560753533490e-02,-1.304502171328455196e-01,4.119896981690739785e-02
6.633466895604329949e-02,3.353952049679296277e-01,-1.586155939492091549e-01,1.905411822101135411e-01
-8.757683320820758288e-02,-1.245763008967709640e-01,-2.077314515258928407e-01,3.354004781574556476e-02
1.127818937124114296e-01,2.236739943992475249e-02,-2.011289318115231928e-01,2.296351008440632446e-01
-4.456918000657945217e-02,-1.149255781893269018e-01,-1.800380510513313048e-01,4.318827143211191599e-02
-2.511522064474025050e-03,-9.259937388529265734e-02,-2.535703751595668742e-01,6.233673329420768433e-02
5.004568253855759541e-02,2.091299714476515248e-01,2.860030043989661985e-01,4.847680379970274039e-02
-5.843190964301639423e-02,-1.013446390461045926e-01,-1.619649629097493770e-01,-3.460302621625534897e-02
-1.100293141664503982e-01,-1.602343531698223120e-02,-2.344356682332792707e-01,-1.585612009841351130e-02
3.139772808364626466e-01,-1.026736183602593860e-01,2.431992580089359646e-01,6.915254169973686360e-02
-6.025855423841434966e-02,-7.612363578447081669e-02,-2.552474667628612526e-01,-1.471488102937955171e-02
-6.936476261126744980e-02,-3.560267307317094287e-02,-2.515370007316179435e-01,-1.984010139906911344e-02
9.919724161748459668e-02,1.743303939619549325e-01,2.543985771534757467e-01,1.572924945196027199e-02
1.442353496835648962e-03,-9.560717550439820633e-02,-2.615808645841887214e-01,9.401148776625890130e-03
-2.816897632588998002e-02,-4.221198794600203308e-02,-2.712335462455532364e-01,-2.473002729767969504e-02
-5.162546766682066940e-02,-5.069814308246129581e-02,-2.657277519125939014e-01,-3.829317515324987681e-02
-8.433990016043646509e-02,-1.030823169376936521e-01,-1.895699345128215862e-01,-1.935238620417475616e-02
-5.967664108703341769e-02,-9.518118311371855100e-02,-1.477221506426957820e-01,-5.376456297167821891e-02
-9.576370534420299008e-02,1.701836520604871894e-01,-2.283915224360099916e-01,-4.237296209539917480e-02
-5.493028565212914466e-02,-2.069385944832850821e-01,1.164704157545266711e-01,-4.094607343423897761e-02
-3.209671960018882497e-02,8.663320563422340082e-02,4.149068193145638017e-01,-1.578784316371781640e-02
6.648635321175339064e-02,2.968717796303642076e-01,-1.838241969273116394e-01,6.412152627007064454e-02
-9.969537385828901310e-02,-3.095670248839273424e-04,-2.612731581029498207e-01,-2.506643882900268933e-02
-8.572045753791188161e-02,-2.444688648650744089e-01,2.317548868595858957e-01,-5.791010227172497388e-02
-1.748570247551106960e-01,9.253506374676750967e-02,-2.519354502842252597e-01,-4.208712652255655606e-02
-6.013745795436576530e-02,-8.856896119436155623e-02,-1.494291475753246612e-01,-3.820897109107397605e-02
-2.281458087881761132e-01,-2.978677426515484727e-01,2.079608823224137759e-01,1.708131302187595145e-03
1.438330431318745814e-02,-1.670299383159122852e-01,3.326008222119165025e-01,1.137012739756847052e-01
1.806512132781037169e-03,1.763750523643386470e-01,3.985076915178209500e-01,1.696620616993974040e-02
4.969275410470867099e-02,1.774472556832749626e-01,3.477687574294498485e-01,1.874669496744740468e-02
-5.365694924580211717e-02,1.708705146413547760e-01,4.387515556451808685e-01,2.769034114415070205e-02
3.947888931687418834e-01,-8.734405841529982450e-02,-2.874923341199490251e-02,1.049598608434231944e-01
-1.033801963146570857e-01,1.361929169654371441e-01,-2.520738556315900158e-01,-1.270834028343177657e-01
-5.684898303155326571e-02,1.295412384036282727e-01,-2.467106399184369747e-01,-1.123261532687651193e-01
-5.628056186983291381e-02,-3.878961434067865199e-02,-2.806693510356427224e-01,-6.050105689705578523e-04
-3.376448658450916657e-02,-8.671004726058396950e-02,-1.920434875472306346e-01,4.617348357719829044e-02
2.063763532907308407e-01,1.060659659324290557e-02,-6.455696831428760218e-02,2.812294806151870996e-01
-7.091256811123024251e-02,2.073890739802027594e-01,4.211469252219474102e-01,2.603203109396290058e-02
4.343988188047818305e-02,1.629568096577322933e-01,3.677634715274885058e-01,1.949529911918128008e-02
2.048561875025629586e-01,1.260166434040726341e-02,-6.648645117999280041e-02,3.026840615218953090e-01
-9.695512903710318264e-03,1.733462633758498239e-01,3.487657346405679815e-01,6.123897707217431513e-02
-5.275950080063727954e-02,1.302520314006329893e-01,-2.497056330195042695e-01,-1.041314353956186434e-01
-6.093244342765332527e-02,1.894968012441909933e-01,4.228484106268002862e-01,2.224269374154536072e-02
-2.318067484454498506e-01,-2.751269895374003904e-01,1.494675474446814367e-01,4.112165272304413310e-02
6.821333300064000293e-02,-1.678062154233161407e-01,-1.317915034872090552e-01,-3.496015190524089794e-02
7.869872807397486347e-02,-1.400694899572052510e-01,3.930316352011284931e-01,1.219945888669796419e-01
-1.133931791098062997e-01,-8.570951316777676576e-02,-1.640463553250861850e-01,6.804509787542433429e-03
-5.294138098136911413e-02,-8.700261024129035681e-02,-1.742647012616755087e-01,1.786415466920903902e-02
-3.908837017709328870e-02,-9.735330483086704345e-02,-1.995532998648583689e-01,2.965043705769299098e-02
1.189511046680773870e-01,-5.868312417595400628e-03,-1.430697854393229718e-01,2.736424553737143439e-01
-8.620166413593616239e-02,-9.038279015555376883e-02,-2.021044665347269675e-01,7.234438301108975233e-02
7.990077621394139906e-02,-3.202502990191893623e-03,-1.435249458813647461e-01,2.104821348424880667e-01
-6.643570220594913200e-02,-7.607346026526271010e-02,-2.015998841339724790e-01,5.776450879005871897e-02
1.097043186912446261e-01,1.463986791698531353e-01,-1.804874257822975114e-01,2.280398901060760042e-01
6.679246569952594637e-02,-1.269534284936828239e-01,3.823241671532711661e-01,1.214922578257628671e-01
-4.973713935070638373e-03,2.066749823576308209e-01,2.832766854976327409e-01,2.867750826468489292e-02
2.980722964549011034e-02,1.520577720883747597e-01,3.886520517514150952e-01,2.313840869960104990e-02
-4.480575801775968370e-02,-1.196915715687680605e-02,-2.638219757124412035e-01,2.425235307195299297e-02
-7.880210208836092856e-02,-2.048821126370654333e-01,2.851986635158278438e-01,-5.785898660552518669e-02
-7.603745864742603167e-02,-1.065290878224328525e-01,-1.598002998389662088e-01,-3.397769150630121360e-02
-7.579267956583118915e-02,-1.072039404470133961e-01,-1.642683442755039080e-01,-2.907957352677804572e-02
-1.385554662419727912e-01,8.107209265920782559e-02,8.607639839862332720e-02,-8.493756263098845016e-02
-9.005044737393144705e-02,2.118627554695841630e-01,3.725157650057181469e-01,-1.067261091649013803e-02
-1.545414991944327361e-02,-7.399392161145083857e-02,-1.880255725432695146e-01,1.112910625903786900e-02
3.849360534453822869e-01,1.506460872095356229e-01,-7.467045633558666573e-02,-4.725622213445504483e-02
3.786926810040877611e-02,1.961786960754139664e-01,3.673745775542445746e-01,-7.767079545186750429e-03
-4.490144394709432579e-02,-5.124351670973441297e-02,-2.698491816118191999e-01,-4.035039554647722876e-02
1.163752795150958287e-02,1.655616494703363861e-01,4.094850463489853043e-01,-3.028761585951058113e-03
1.895790535252404874e-02,2.318472945692455767e-01,3.525948794950651277e-01,-1.974461723195198790e-02
1.417463235844658789e-02,1.949389636103975865e-01,3.883571132103069701e-01,-3.815246994270195258e-03
-1.462967416690460210e-01,-5.384922312365977154e-02,3.282481424321054275e-01,-1.244467154545220444e-01
-4.774192606038145381e-02,-8.666624448317632179e-02,-1.898696150280433648e-01,-5.206675224352468739e-02
-1.865372107636636273e-02,1.511541546830948157e-02,-2.349348623835977035e-01,-7.871369823470551752e-03
1.808420858993584415e-02,-1.068654093717194137e-01,3.162325759816609350e-01,7.620408698499957223e-02
-1.388762899729454291e-02,7.880321707329512870e-02,4.412693003922113499e-01,-2.529426283330386046e-03
-8.651990163698267122e-02,-9.183481522599578478e-03,-2.649373076606917343e-01,-2.570384699485186650e-02
3.469190596000770732e-02,1.485309058655233383e-01,4.028615943732121729e-01,7.571055986135792962e-03
-2.873333094313890168e-02,2.361591143140658322e-01,3.934324727603295546e-01,-7.202793946373410063e-03
-5.365762057474541408e-02,-8.377637348680409823e-02,-2.186330635843630465e-01,-3.027748016921314594e-02
3.442191996081434696e-02,-6.537565955888009761e-02,-1.898076215770054531e-01,-1.055831766400550237e-01
1.643129221527065906e-02,7.456612597668502151e-02,4.609342056752357975e-01,3.172383831769056556e-02
1.761140226682470639e-02,6.702856818634675418e-02,4.729031216436750951e-01,2.611237008803586265e-02
4.081147693480317168e-02,1.635384618840092508e-01,3.872665368372900097e-01,2.038986528778450723e-03
-5.508666763544752681e-02,-6.677596659763626596e-02,-1.696046994428561661e-01,5.122795860814269124e-03
3.002686538875621799e-02,6.740984562289895066e-02,4.731731230776793917e-01,2.304562809554988254e-02
8.699964244178289008e-02,-1.418254509234185834e-01,3.674613554697237494e-01,1.110199151967890263e-01
4.263797160382835905e-02,1.724565438144591567e-01,3.742552327048475624e-01,-5.694285938254819643e-03
-9.786277882073377010e-02,8.229567403071740006e-02,-2.565360947008362702e-01,-9.424133832427553092e-02
-6.261482621943481597e-02,1.396470041637928594e-01,-2.570213838925559102e-01,-1.463553318669284786e-01
-4.959549702869692211e-02,-1.069050589038639115e-01,-2.054172583015575482e-01,-3.442672358100722779e-02
-4.474370140757338160e-02,1.234462030489278661e-01,-2.598096986255220564e-01,-1.352373408309594516e-01
-2.366225215262186821e-02,2.394384030641534822e-01,3.723276936278293592e-01,5.551617645521921517e-03
1.264533016718367986e-01,4.907799479810182270e-04,-6.904210055649609434e-02,1.757534811215500647e-01
-5.390859946072727032e-02,2.918390844627278755e-02,-2.451141615750491998e-01,-5.650568522562134793e-02
4.696587703329011543e-01,1.574143290079356716e-01,-8.905223878163417983e-02,3.563460162567478468e-02
2.243488992944256410e-02,2.020452614719183138e-01,3.625957052254902280e-01,6.579605558030502538e-03
-6.408139814636591713e-02,-3.174356900667507642e-02,-2.732115611609900463e-01,-3.730800950109425945e-02
-5.013751685323661333e-02,-6.944373600149625347e-02,-2.574722677948328431e-01,-2.929101716556022778e-02
-4.636643620363106039e-02,-3.366310970706449385e-02,-2.896185711876548829e-01,-2.669642071677393036e-02
4.739835394812181614e-03,7.392379881558881760e-02,4.626229419832563750e-01,4.236888599122411864e-02
-2.745927505390832746e-02,1.590120500323037867e-01,4.011999121784237676e-01,2.090277502806461851e-02
4.429373206858728262e-01,-9.706730602806945551e-02,-2.518969369212761822e-02,7.297514121919518315e-02
-5.028344976329079258e-02,-1.078577548645868744e-01,-1.243083800172564840e-01,6.105046830008011363e-03
-3.836578740295815831e-02,-1.031282119417250148e-01,-2.261067341795956198e-01,-3.874380429084702676e-02
-2.073424994504130536e-02,-1.177229612761670346e-01,-1.943967014480183497e-01,-6.349062514589914885e-02
7.063335798140462155e-03,-9.627710677955153562e-02,-1.633637828279601856e-01,-5.376698400575428971e-02
-4.707914475286804207e-02,-1.054988813260084035e-01,-1.863158715134002053e-01,-6.745064022284989746e-02
3.561704244192231278e-02,1.682154860520944095e-01,3.843224534903982859e-01,-1.449951979953529452e-02
-1.685542904052331759e-01,-2.781926749829039675e-02,3.221767124521212056e-01,-1.721476923637136613e-01
-6.685020605672582772e-02,-1.132982230869725021e-01,-1.276850830900417566e-01,-2.851102558138625051e-02
-5.138851420146421656e-02,-4.170112854758405846e-02,-2.408624688711336614e-01,-7.239242619494472286e-02
-2.021083183283621520e-01,-2.382498699430002365e-01,1.304404372272202073e-01,1.357321322901562308e-02
-3.623031637812898498e-02,-1.196096461026619068e-01,-2.037484863169334026e-01,-3.675608901740150258e-02
-4.724890433315340199e-02,-8.959237736364333848e-02,-1.853489531046823013e-01,-7.415430301364807353e-02
-4.684838966935817722e-02,2.198587097431392023e-01,4.060351245687707222e-01,-5.389982457668358699e-03
3.763140172451730214e-02,2.107811151452144427e-01,3.330451805462920634e-01,2.197764768857242684e-03
1.341323840055688166e-01,3.000943701907902161e-01,-1.512929476549505214e-01,-2.927834435653286355e-02
-5.463971356585009542e-02,-1.004943204167232512e-01,-1.870534657053295746e-01,-4.415703812722281824e-02
-4.999867254403093930e-02,-9.310227619590967507e-02,-1.993562644396338068e-01,-5.388732463555122310e-02
-4.656748322690271169e-02,1.646259773510856117e-01,-2.574831017080635442e-01,-1.169199302312446398e-01
3.113583760342171144e-02,-1.829148587125265513e-01,8.238690108729436468e-02,-3.695241779331596976e-02
9.693195575371360562e-02,-1.349572320947000637e-01,3.980188408401398870e-01,9.366189768572287522e-02
2.429814249341138641e-02,1.728401465899860601e-01,-2.200770702416977864e-01,-1.634057566568247744e-01
-2.715849741716529209e-02,-8.481042103400897314e-02,-1.814672192310173848e-01,-5.290840013293468536e-02
-5.190723669671851170e-02,-9.255814368825206195e-02,-2.054344135184140441e-01,-4.644474391174117922e-02
-3.441527509421325737e-02,2.600897549989646396e-01,3.586587055378915312e-01,-6.777232577585656607e-04
2.450770891688482944e-01,-7.113639605458867143e-02,2.889455750600189998e-01,5.076919401059901832e-02
5.427085012774439388e-02,-9.341756608792824157e-02,-1.728441907201637429e-01,-6.435363113477884922e-02
5.177123243339427916e-02,1.900380369721071383e-01,3.313303589902983348e-01,2.051583378908147445e-02
-5.909535503034787224e-02,-3.214947498892810340e-02,-2.820952098335800518e-01,-1.300449796226845617e-02
2.298683515255307563e-01,-1.469292587990548293e-01,-1.730663325404666331e-01,-3.621729800113575315e-02
1.764490045018106065e-02,5.971208043407419397e-02,4.482847796057655154e-01,3.801370169486230355e-02
2.565130703650722599e-02,8.849817866349059259e-02,4.270792814439554053e-01,5.242669504092781207e-02
1.338518428043820041e-01,3.103548287318713683e-01,-1.697736906063375961e-01,1.292224812549580548e-01
1.423687787010058936e-01,-5.996761384630759292e-03,-1.023136854171648319e-01,2.795971302856620766e-01
-7.802378492890246764e-02,-1.146389820409542959e-01,-1.608208483380361431e-01,1.713907749276582029e-02
3.433975978795345690e-02,1.861043692985576425e-01,3.371754459278985538e-01,3.603588717047070955e-02
3.924076765167346104e-02,-1.744166971725605308e-01,3.469582166402893075e-01,6.187317506547587026e-02
-5.870153538433301593e-02,-9.283183425282505452e-02,-1.917273138254884934e-01,1.691614564752054115e-02
-1.571790855106444326e-02,-2.443894715280462149e-01,2.315465303371989636e-01,-7.778368807321298095e-02
-7.082396868144621993e-02,-7.330345153823604465e-02,-2.596606309762797271e-01,1.744351338083514891e-02
-6.263314537731252962e-02,-5.153076161527882226e-02,-2.780638881635877913e-01,-1.411674265894610758e-02
-1.344410340636108953e-02,1.560095781363897982e-01,4.301543001181957204e-01,2.093568733665721396e-02
1.286394039628309394e-01,-4.330750114311441440e-02,-5.237063065666147654e-02,2.006941900218164043e-01
1.087399103218780489e-03,-1.168476343772361647e-01,-1.139613331279292346e-01,-3.662296941317947502e-02
-7.549769247877269329e-02,-2.904125663087587239e-01,1.805578956650945588e-01,-1.609921746926878949e-01
-6.422546933737639796e-02,-1.385668344237223903e-01,-1.207265151286975730e-01,-5.282571892532914037e-02
-7.560434699394630309e-02,-2.954511694550335799e-01,1.900712254079628405e-01,-1.553602467741081461e-01
-2.728344725432032755e-02,-9.075243126458235055e-02,-2.701909402330642251e-01,-1.811771906315918709e-02
-7.499569786099753721e-02,-1.033402281147354357e-01,-1.153592020397569973e-01,1.735059020036242017e-02
5.217544966619259705e-01,8.647535686585315629e-02,-9.616078822402492066e-02,4.158639688112049371e-02
-6.435916712159238384e-02,-1.249746601551512820e-01,-1.158115356432777993e-01,-4.119917489510445396e-02
4.395662201846628481e-02,2.657224906724978686e-01,2.577179911743807117e-01,2.625835831953344732e-02
1.368725609102806884e-01,-2.897470564345465405e-02,-3.924217494200408357e-02,2.049997818600505228e-01
3.348485172215829447e-02,1.312785391048155170e-01,4.143106148807955691e-01,1.458145647711249840e-02
-1.671418560319399768e-02,1.743870824692815846e-01,4.295844019725808538e-01,-3.601836653786648270e-03
-6.175883610941317048e-02,-5.159712458787081568e-02,-2.668703294563462003e-01,-6.118247661496164537e-03
-7.826983068170108304e-02,-3.121244851901853745e-01,1.263819511709570742e-01,-9.233217311419830708e-02
-7.952201457001958906e-02,-1.221934546790124504e-01,-1.139511260626223377e-01,-3.067794250347208318e-02
-7.910687374117052889e-03,-1.132284489144011197e-01,-1.006638694678100437e-01,-2.454153205879797822e-02
-6.704166165289333901e-02,-2.932130150407841751e-01,1.940888440992258879e-01,-1.101787052206732315e-01
-9.239398312628754883e-02,-1.280928047045807039e-01,-1.207872851500163131e-01,-3.507046483424184485e-02
-1.297910580625121456e-02,1.650821804441803820e-01,4.192560378142088373e-01,2.229634973274417439e-02
-7.846578457305648097e-04,1.641636296049095445e-01,4.213218024814129881e-01,-1.045312055710239654e-03
2.054073390538989075e-01,-6.896018175237624004e-02,-5.422894929376638473e-02,1.314372541771161584e-01
1.097680760455798099e-01,3.322799654647143885e-01,-1.498376322870903776e-01,1.114450529616702878e-01
-4.374637137046639675e-04,1.847131628273042392e-01,3.582486265505286371e-01,4.113113652075463256e-02
-9.198891171591545846e-02,-1.500014944285064378e-01,-1.287662674414552788e-01,-3.558786422924887366e-02
-1.247274786739894503e-01,1.733247032581534952e-01,-2.044492186236728515e-01,-4.925437756164659274e-04
3.921623791475047083e-02,2.744163418170289526e-01,2.762594203990745290e-01,3.763462054025252558e-03
-8.570730285732837406e-02,-2.979371547510568652e-01,2.004476531263441330e-01,-1.731477333330837254e-01
-8.809829792072051968e-03,1.471098141995233199e-01,4.351274993070161634e-01,2.022797847041451699e-02
-2.018210721442937894e-01,7.429691697966447905e-02,-2.398203698643424919e-01,1.099998721384735922e-02
-1.185990247746754322e-02,-1.079464062673710367e-01,-2.613295240862504865e-01,-1.520870498403759617e-02
-3.681886572178297984e-02,1.645270499003179676e-01,3.978367043858216934e-01,3.811057362052603509e-02
-8.626745149283708558e-02,-1.288431817277680691e-01,-1.135047287409548800e-01,-5.772917585356651671e-02
-3.609149365508368401e-02,-1.415294520007407963e-01,-1.039954172563739704e-01,-2.472817490292691933e-02
-1.186546641514173682e-02,1.572196024388421987e-01,4.201835868154035203e-01,2.811773934577762799e-02
3.097080116658785798e-01,2.104956585663627366e-01,-9.679040096232723045e-02,8.024219291496273443e-02
7.769246014451827720e-02,1.655432894300096769e-01,3.321364888093893408e-01,1.828322380096332120e-02
1.219686802412752874e-01,3.627654982255194005e-01,-1.448794824058284580e-01,1.538007661239088608e-01
3.884882400052175888e-01,-1.279758258220180245e-01,2.357092311508354743e-01,4.743381685084311489e-02
-2.019455379082202556e-03,3.047386669700277717e-01,-1.633740988535730965e-01,1.643103494475044168e-01
-5.236322997796589301e-02,-9.439461596951487232e-02,-2.717174450539238117e-01,2.213075318627853380e-02
-9.529474568878561203e-02,1.358973287479456338e-01,-2.149792117811146763e-01,2.803209090682704310e-02
8.235059678612867418e-02,3.424557434395597566e-01,-1.464850155264403042e-01,1.753341374856289270e-01
1.644948320164890954e-01,-1.627510089615465116e-02,-5.107233000640472309e-02,1.965080610709425690e-01
-2.020938610221806042e-01,9.214856515072528120e-02,-2.336406014054573377e-01,3.724135946178777634e-02
-4.432034584734139554e-02,1.723905414092321009e-01,4.251195787505645529e-01,4.046568787242776910e-02
6.141591195911079437e-02,3.286212069604069197e-01,-1.569916518434346930e-01,1.106099951087919642e-01
-5.842552465511362952e-02,-1.554602408948840553e-01,-1.506840691130219012e-01,-1.177470315210656787e-02
-1.336967626449022395e-01,1.607503663848833808e-01,-2.258565239273697123e-01,2.458382372262528370e-03
-7.211236536029975996e-02,-5.187189019036146653e-02,-2.662883638845751633e-01,-6.071918379890103683e-03
-9.755398490137427714e-02,-1.264858387876211521e-01,-1.280660507103265067e-01,-2.423866341580498823e-02
-1.615730213037926410e-01,1.598230972860554544e-01,-2.382153015379982752e-01,-6.637931225938963065e-02
4.104155962617410114e-01,-8.710530379248983268e-02,2.338366857673911392e-01,2.650848394823741502e-02
-7.640055433639227067e-02,-1.348261487890378973e-01,-1.307119922969125214e-01,-4.440584239278360518e-02
2.117266860788914393e-02,1.606499203896241401e-01,4.203638123884799183e-01,-8.530939201110329315e-03
-2.821781845692735661e-03,1.574194522841102228e-01,4.371281294990361221e-01,-1.807033775257189251e-02
-4.597188933920448584e-02,-2.668422501622306764e-01,2.369423414864201549e-01,-2.004727398001092120e-01
-3.206906159617916446e-02,-5.569652668812747481e-02,-2.722216742584580573e-01,-3.635727527236083667e-02
4.019236678501209720e-02,-1.013340662880187065e-01,-9.733996890242579969e-02,-3.786286940969368908e-02
-6.126875349238605079e-02,-1.365140969677071936e-01,-1.356637504662172311e-01,-7.289793688881499034e-02
2.611168362459573289e-01,-1.206644485531121053e-01,2.169007014793256638e-01,9.630237301270362649e-02
1.282517638119384795e-01,-1.896334782412873732e-01,-7.081296402813842816e-02,-7.414985935764011049e-02
-8.479144385721266997e-02,-1.179428227779244637e-01,-1.337516392198637161e-01,-2.985863196012598572e-02
9.529838768195401932e-02,-1.617647575987500030e-01,3.013893579942263923e-01,3.873247410744612429e-02
1.314121830401252244e-01,3.409699432572453337e-01,-1.037870233993670177e-01,2.506035928687100692e-02
7.105561657853180779e-02,2.352979150235426642e-01,2.547119681034222261e-01,-1.741003752062029314e-02
-2.000685403412016117e-01,1.331336070347035883e-01,-2.443840966011174842e-01,-5.502550790750937448e-02
-4.486773727638718179e-02,-1.111056311687824844e-01,-1.175548138529524944e-01,-6.281635551700355535e-02
2.981163218973225670e-01,-1.275032573332697539e-01,-2.064214386992209785e-02,1.136845414907426272e-01
-8.156703661971648200e-02,-1.262052753752251066e-01,-1.238968252903671075e-01,-7.467540052981826160e-02
-1.731775091148801127e-01,1.558532352109111840e-01,-2.414326242921748800e-01,-6.758763961898105188e-02
-2.031857914628139028e-01,7.996742110312435314e-02,-2.412512603829660152e-01,-4.187490707246922100e-02
-8.548154447271956446e-02,-1.263908018277811740e-01,-1.156433477991570119e-01,-7.882884371546924895e-02
-1.726441020217771988e-02,2.406497329245720629e-01,3.716801303728284323e-01,-4.140999091034001933e-02
-1.135418114657932576e-01,1.745534010886551635e-01,1.359613211317864112e-01,-2.033174485697752665e-01
-5.165924166300083636e-02,-1.255926801102747181e-01,-1.264332215804045978e-01,-6.265939446144548619e-02
-7.411346267022443646e-02,-1.370523227627082896e-01,-1.200339833329157613e-01,-6.514476904927754553e-02
-9.557498607668393764e-02,-2.546058511783650391e-01,1.937467972420314488e-01,-2.299104978021067613e-01
-5.407458944232310799e-02,-2.746604063079449154e-01,2.138323275480062402e-01,-1.214418696128626712e-01
2.671875346562970974e-02,2.511473183873054182e-01,2.894158613038362304e-01,-5.362647097189170847e-02
-4.675305637940597309e-02,2.287372441581851656e-01,-1.998557700076863120e-01,-3.847295558621697392e-02
2.420275660493640887e-02,1.591385032945432931e-01,4.021812823325672803e-01,-1.867080047165367877e-03
-1.371163530725666262e-02,-1.240394484304127160e-01,-9.557309371967713518e-02,1.697963964222026084e-02
1.722556215815832514e-01,-5.190723210739944110e-02,-3.641112341970637739e-02,2.097181961303954678e-01
1.452631366567201376e-01,-3.161373535327381690e-02,-3.656569140539809443e-02,2.065717522868245892e-01
1.277004452593052397e-01,3.161386000887500547e-01,-1.584726612551498326e-01,1.282890780919676565e-01
-4.946405996350951295e-02,2.565303043570842378e-01,3.724332919713241319e-01,1.415592581998345416e-02
-5.377985690098318478e-02,-1.193328678575308471e-01,-1.178676321312419201e-01,1.463581907463019569e-02
-1.721834964446648242e-01,1.218470644729296032e-01,-2.432925370412442889e-01,-4.271556880214599783e-02
2.758465620402453244e-02,1.471514600998801436e-01,4.044157467587037313e-01,1.450359912227292165e-02
1.948246970032200751e-02,1.364743966891813765e-01,4.199826674992874764e-01,1.771592829609016859e-02
8.918651712999271786e-02,-1.249196956355805577e-01,-8.781595683301315902e-02,-1.279540247652573640e-02
-6.254143743094765610e-03,2.655269627024846590e-01,3.363984405807419198e-01,-2.015797355250480670e-03
-6.409770079787144303e-02,-1.230040055029557461e-01,-1.454572770022426187e-01,-2.378555451205554422e-02
-5.408387695258233541e-02,2.793712453657664074e-01,3.653980691977148920e-01,2.970024573983361203e-03
-1.080909124354128836e-01,-1.539224658960136605e-01,-1.072135719764284595e-01,-2.711758750727139358e-02
-4.961545331212311588e-02,1.986265836061623935e-01,4.024282878287226417e-01,3.221604406212140448e-02
-8.604414505431690063e-02,-1.302348839587013918e-01,-1.049041554487314815e-01,-2.516135335337674889e-02
-7.364242551095508127e-02,-3.854259610949266335e-02,-2.685319121970239920e-01,1.437239600234552911e-02
1.134301301236734089e-01,1.268791369113733969e-01,1.735940439708631988e-01,7.975215117896002071e-02
-7.998628667888789401e-02,-1.493139993443335922e-01,-1.298774750793307564e-01,-2.716677671257423238e-02
-7.656365718035909596e-02,-2.952085788193781202e-01,1.399023471876869040e-01,-1.144746490030762454e-01
1.169908748466249038e-01,1.962873463490967252e-01,2.161314243965324899e-01,4.424581659262121630e-02
-1.534436751599947135e-01,1.057725982602384929e-01,-2.434817786402914130e-01,-6.519168227507900204e-02
-7.985816788906769520e-03,2.572804834022837661e-01,3.402867266005401015e-01,4.074068970964352457e-03
2.621199304296442656e-02,2.210349118130780222e-01,3.127733056988219462e-01,2.363525163001568147e-02
4.208573623099867017e-02,2.394031636283847631e-01,2.894760853585983118e-01,2.269047696689803495e-02
-4.040779882040750060e-02,-2.976278649694669709e-01,9.605144736788634799e-03,-2.791401876203838256e-02
-8.430327097892190147e-02,-3.054538524083708073e-01,7.662424011256603607e-02,-4.321165454039910259e-02
1.719759179679505312e-01,7.845398690685279064e-02,-1.771151557944639077e-01,2.203407131045352352e-01
-1.506003099110249654e-01,1.421748909052278076e-01,-2.205850741275995897e-01,-3.733404468172854540e-02
-2.046437192680194139e-01,3.331266250618800800e-02,-2.451773732718441345e-01,1.016389221855185966e-02
-8.549265223538720775e-06,1.556484053036595316e-01,3.907717891361720541e-01,4.724381701027194347e-02
-1.081204055411641163e-01,-1.476695348245218031e-01,-1.485939524395108180e-01,5.803935499007042975e-02
3.719601020402762970e-01,1.095313032511430196e-01,-1.216109249137077852e-01,1.537749818071630359e-01
1.025524781495821686e-01,2.802496249287856345e-01,-1.696501166612349731e-01,1.205034757677416885e-01
-2.235218476512570301e-02,-1.679592884297723410e-01,-2.385921440478364353e-01,9.255907942760858986e-02
9.193163346451733997e-02,-2.682729688043142269e-02,-1.292248348087928211e-01,3.177759604095785062e-01
1.103196856725285335e-01,-1.443307143015711558e-01,2.214807075777077139e-01,1.661857832362083343e-01
-2.117511943712671874e-01,1.702396752180639766e-02,-2.464669991184851305e-01,3.484968815282286914e-02
-3.862364151681480645e-02,2.428642402862256355e-01,3.054151141950006143e-01,6.399974922046855474e-02
-3.346568444397739206e-02,2.635502952288311662e-01,3.019127692565999332e-01,6.165808214342742566e-02
6.611217809074924900e-02,-1.711656366646595595e-01,3.195924037534387807e-01,1.191165170053482963e-01
-1.163908855466326137e-01,-1.386063281173265105e-01,-1.181750019351107822e-01,6.682767778394370362e-02
-6.793994538943344541e-02,-1.086127030946550803e-01,-2.592169876067598189e-01,5.942509827572047681e-02
-4.900455472809903124e-02,-1.251108529417646054e-01,-1.511117807950501657e-01,5.888265064978848856e-02
-1.103552071116187666e-01,-1.308761236642490833e-01,-1.471894922732708000e-01,2.207628523401232792e-02
-5.306968597016446798e-02,-2.701787658210365040e-01,1.066303728607503332e-01,-2.972645888467411249e-02
2.412475951225671322e-01,-4.651909102376320521e-02,-3.525238849093496885e-02,2.941793465770040639e-01
7.991864679365927315e-02,9.063737830909769644e-02,-1.388743153126469898e-01,2.219737523947631352e-01
-3.374979443514521116e-02,2.608313093059789201e-01,2.952955698396247386e-01,7.127837747442156147e-02
5.324271591188361324e-02,2.920003547058866444e-01,-1.557408050892908347e-01,1.841531966563969280e-01
-1.020609213660712555e-01,-1.571057594930715673e-01,-1.421925170802009752e-01,5.501466012421755286e-02
-1.091067577970013386e-01,-1.332031061669582406e-01,-1.381495202710771308e-01,6.411484641991085920e-02
2.597008431420157887e-02,1.190582991563759879e-01,3.831356310135546339e-01,6.549144770074702415e-02
-3.078362796494557574e-02,2.984435204878509995e-01,2.579292765845919155e-01,6.806629307738211454e-02
2.245830198490397778e-01,-3.071939374134095846e-02,-4.315094628981117064e-02,2.629427823669854836e-01
-3.800254007432628950e-02,1.291571379762655458e-01,3.836004251690390277e-01,7.890043911390048903e-02
-4.305318307804421180e-02,2.913632924356135412e-01,3.148096957085599890e-01,3.053565711875348351e-02
-8.892170137544672115e-02,-5.413644838657194480e-02,-2.498585948654843125e-01,5.657220681237708909e-02
-6.021313599243040965e-02,2.376286233462747144e-01,-2.117688523237848675e-01,-1.199117284518399357e-02
1.990694900901228501e-03,2.669506076824334495e-01,2.961554659585815541e-01,2.855869364296392127e-02
-1.061665200974421380e-01,-2.243079031915329313e-02,-2.648629043470310807e-01,7.115676948500372460e-03
-3.558701315811774873e-02,3.051787887755704753e-01,-1.692419394771605134e-01,2.133056260445852781e-01
-1.549503460014371552e-02,-1.254260479532398331e-01,-1.634691231247825116e-01,3.804566786304064419e-02
-6.876315961564283263e-02,-1.599873973408881822e-01,-1.578663026961970306e-01,-1.972767816239819061e-02
-2.439114081474708443e-02,3.043493165607469297e-01,2.577545192286880282e-01,5.594276721019285359e-02
-1.274038072311196035e-01,-1.429566048672456235e-01,-1.101363293808936550e-01,-2.584779633586744424e-02
-7.695950186353557598e-02,-4.678198800642493355e-02,-2.624300755999770529e-01,9.827027654811703455e-03
-6.879579258367117534e-02,-1.624958155748457422e-01,-1.576757311466256417e-01,-1.737719850998380167e-02
-1.031675782410787223e-01,-1.857434664553304637e-01,-1.128301471747056028e-01,-4.603345944012870485e-03
1.167811028978981737e-02,4.012381792223544963e-01,-1.383942898413485778e-01,1.991334625140832315e-01
3.566910202522072639e-04,1.168658703023151696e-01,4.353865067839095548e-01,4.104639407840285359e-02
-9.740468173240594829e-02,-1.588675784899583332e-01,-9.867737853824676275e-02,-5.139489905451511548e-02
6.735384644167785595e-02,4.181865080549947433e-01,-1.402736360143443661e-01,1.683887437025480271e-01
-6.566012321439546051e-02,-1.670148809624891484e-01,-1.544008632643079360e-01,-1.926867037393376753e-02
-7.107449440101790139e-02,-1.438173723840748264e-01,-1.103936119582430153e-01,-5.105905907178986958e-02
1.162209747660003650e-01,3.844597537321665093e-01,-1.145433305518321759e-01,1.675180642385387386e-01
1.679490952443260521e-02,1.105393811934687748e-01,4.405367248697066862e-01,2.578444659727237298e-02
-2.495474003631032930e-02,3.273200143130322037e-01,2.473632901531045702e-01,4.392689775505504574e-02
-1.466266209186857239e-01,-3.194417265236759174e-01,1.748448352829875541e-01,-9.512102565575107638e-02
-5.685036140734481963e-02,-1.832383648691386369e-01,-1.501426379005922906e-01,-1.611317363805063463e-02
2.085881265027848125e-03,1.165865537133885799e-01,4.334112934091624569e-01,4.157173379730100954e-02
-5.670632269275358017e-02,-1.817174305626028663e-01,-1.383061648166423740e-01,-9.614619743127579901e-03
-5.082157806225368057e-02,-2.660364435602406430e-01,1.789355182267787781e-01,-1.284220344194094976e-01
2.019876001366882057e-01,1.208679239001751171e-01,2.213928409443440548e-01,2.940709720366865496e-02
-5.024979046382203884e-02,-1.201664705183182191e-01,-2.403838263098825867e-01,4.455549476896081273e-03
4.758371440135443498e-02,-1.433221257984402808e-01,-9.570026746831906961e-02,-4.490585894972030923e-02
1.104866312898991577e-03,3.681466419250357114e-01,-1.478592895525942252e-01,1.922632434995360795e-01
1.433382856392793059e-01,-7.339806472018475803e-02,-6.480979737099630544e-02,2.285250386367737863e-01
-3.328213421949463569e-02,-1.444908154012155277e-01,-1.315929930256135028e-01,1.302140483119793024e-02
-5.429844202388349472e-02,-1.564348180159481905e-01,-1.439754594056149306e-01,-4.163581836967864686e-02
-2.373423606329430058e-01,1.940923678929082352e-01,-2.178097798306290744e-01,7.471523475554080196e-02
-1.063316269526334429e-01,-6.496739080854767312e-02,-2.150439779167828691e-01,-1.542137162343645441e-06
4.617046756875005896e-03,2.813723611230053989e-01,2.747032221888641157e-01,3.296283211613466185e-02
-1.901555620859275014e-02,-1.756812607728314157e-01,-1.133200803694358189e-01,-7.832764046426696214e-02
-1.982491119889173009e-02,3.087444213500707413e-01,-1.539378819075173099e-01,1.786738339412151655e-01
-8.998303527570292171e-02,-1.844931931741064512e-01,-1.153296764585571288e-01,-1.653863290676097289e-02
5.720174899690862180e-02,3.245855857786922871e-01,-1.497364502385244989e-01,1.516045776477986939e-01
-3.769144144250435174e-02,-3.037472765180678214e-01,7.325896406269723216e-02,-5.816478391725060648e-02
-1.407393268407458944e-02,1.627067426587914811e-01,4.259163334546471336e-01,1.910631875551754497e-02
8.182301567796666786e-02,-1.429977379598301734e-01,-1.059001694511658015e-01,-5.926964608209662339e-02
2.106453158685432994e-02,-6.891881624713561139e-02,-2.528042375576865508e-01,4.313984402841157875e-03
-1.626013073107686890e-01,-3.472822630294202795e-01,1.799518497979176179e-01,-6.641281727285312797e-02
2.704166485582059840e-02,-1.388502904801087456e-01,-1.254902388783667166e-01,9.543266875293389320e-04
2.314768417054197808e-02,2.682102433916709328e-01,2.379072122509851284e-01,4.439032237168141076e-02
8.839164157200313232e-02,-2.024992824503515920e-01,1.158038286124945804e-01,-5.804072554927311445e-02
3.676926620199993945e-01,-1.131838728793432280e-01,1.607676135724953881e-01,1.837905947172659149e-02
3.541008479739504722e-02,4.081694868769984441e-01,-1.386767381530747134e-01,1.787526286635590100e-01
-3.499403552573913251e-02,-1.550959830296396169e-01,-1.579076512562426204e-01,-2.834686800350420116e-02
-4.437410511947162406e-02,3.512930563232145587e-01,-1.570479330995465939e-01,2.137844440806819235e-01
9.747501024267195280e-02,-2.064412403450238409e-01,3.346724835227636863e-01,-1.205079123553403145e-02
-1.721110735384708944e-03,1.338567837591098930e-01,4.444696429309563657e-01,1.705014623019959069e-02
-5.208295812554805670e-02,-1.523627106019666000e-01,-1.499768588740600095e-01,-5.192201021355061230e-02
-2.936163453676636156e-02,-2.764059343091955223e-01,2.358731721333229558e-01,-8.645014110248565309e-02
-4.860170904700689132e-02,-7.252840953776050481e-02,-2.695861534752994060e-01,-1.562826575505927781e-02
-2.388500994895859705e-03,-2.851566747288333814e-01,1.735720704979532014e-01,-1.323714325893498855e-01
-5.602941997810447633e-02,-6.852251257456587474e-02,-2.717865161013448549e-01,-1.000608916111085656e-02
-2.023121640199985749e-01,2.064933380646691574e-01,-2.136728067091836769e-01,5.314709484938997391e-02
-3.085534240857618418e-02,3.385141481820141962e-01,-1.527121116882312613e-01,1.687087680996690320e-01
-1.191583254497058098e-01,-1.624565655822093058e-01,-1.020163982633605082e-01,-1.271324851985113601e-02
-1.920215260933613999e-01,1.993080144012890909e-01,-2.258163866844433154e-01,1.218536056139176219e-02
-8.106924935466933158e-02,-1.406162427928185077e-01,-1.452026473130777762e-01,1.054360164543986789e-02
1.411766372849546647e-01,-5.651990126953562038e-02,-7.364779826018526265e-02,1.926465244296384216e-01
4.937033819219608516e-02,-4.825690854168843136e-02,-2.396514486899219420e-01,-7.806518775711823038e-03
-4.431021111188063188e-02,-9.478811548313380297e-02,-2.465242459234049943e-01,1.927803470329354785e-02
-1.274300892942225871e-01,-1.397166716015982857e-01,-1.053160077673143818e-01,-3.881769151990996369e-03
-4.177622089885760226e-02,1.865758342110870882e-01,4.041470702588936259e-01,2.470877861376049103e-02
-1.640184573508214616e-02,1.518254616834567305e-01,-2.050399166938717266e-01,3.327176293037188010e-02
-8.248118145833929771e-02,2.710665548472861869e-02,-2.020942991102865627e-01,1.112428726877135420e-02
1.213308965235393722e-01,4.393019617951635092e-02,-2.056377753588679025e-01,1.640321448406859561e-01
-4.891731530140083078e-02,-1.464548386537106728e-01,-1.761040630566239884e-01,-2.486832080338972212e-02
-4.060430611778186039e-02,-1.706402086321759382e-01,-1.520218069044320663e-01,-3.307821616073613330e-02
3.655844303481041446e-02,-2.224082432713378188e-01,3.165838441063873465e-01,4.292141831501693899e-02
-1.952214771912735569e-01,-3.370471301816314602e-01,1.809862094989140302e-01,-4.506213994113265203e-02
9.106645737209664859e-02,3.844350732265044424e-01,-1.524617923522738894e-01,1.506157239385461366e-01
1.595191955314748111e-01,3.652934580365481132e-01,-1.175100515216396385e-01,1.663528601384918204e-01
1.515959322104488277e-02,-1.354441194448200159e-01,-1.478804984994328275e-01,-8.179513091917516368e-03
3.354032459167778949e-04,-1.762987039355202734e-01,-1.700711202527837307e-01,-4.031011687273777788e-02
-9.656222673930481282e-02,-1.268417152167020980e-02,-2.173817336052865368e-01,-1.971640594886420184e-02
-4.276584230038864287e-02,-8.487025782907847704e-02,-2.517362988661001055e-01,-6.972138819558962482e-03
2.011916340136065458e-03,-1.765565065370394149e-01,-1.701776252764299335e-01,-4.162232234179163992e-02
-4.023351034804734799e-02,-1.531840684915032336e-01,-1.759909034708973530e-01,-3.693605550467677495e-02
-4.788631976687812014e-02,-1.536289467502585937e-01,-1.717702430586947604e-01,-3.305902823929352669e-02
5.828868437363525501e-02,2.310702142231540190e-01,2.593981170523320667e-01,4.489844653575582323e-02
1.102348399025818160e-01,2.911521378337078025e-01,-1.477514937697189945e-01,2.000199782183040009e-01
3.742225108238179665e-01,-1.415023354006270384e-01,2.237228439382173140e-01,7.212442823470537751e-03
-2.299442255276602787e-02,-1.741146557475425072e-01,-1.171912818814000723e-01,-8.204417763341818881e-02
-2.208612301685272117e-01,1.962876183383973072e-01,-2.247625824228533242e-01,2.991656437860587721e-03
-8.637235210127101881e-02,-3.211522605576375144e-02,-2.625198176853763554e-01,-2.533714197271453097e-02
-7.780929226365100593e-02,-1.424067943177196316e-01,-1.034105757162309680e-01,-8.271787551752460277e-02
-1.065672417958035828e-01,2.758746744094741632e-01,-2.006482270123881861e-01,-1.500374341640640236e-02
-7.726011698079963963e-02,-1.756554514960671221e-01,-1.058834155418167250e-01,-4.754555379644297142e-02
3.098026299962355120e-03,2.955846578904261501e-01,2.735668435308043489e-01,2.140593446368744754e-02
1.199185574799630921e-01,4.204703299304815567e-01,-1.426603397112553573e-01,1.459269144856847056e-01
-4.322084719312056789e-02,-2.825891226903965436e-01,2.395671104266972329e-01,-1.101016783583052966e-01
-2.477416022695806685e-02,-1.771182000759925768e-01,-1.171802598178331850e-01,-8.727191769434308743e-02
-9.792989676084454254e-03,-1.716940935079964980e-01,-1.127680425635629591e-01,-9.208941206748341712e-02
-7.717562997224285126e-02,-6.245393438209082687e-02,-2.446370656517237729e-01,-2.207790780906871905e-02
-6.168074064329082812e-02,1.767999380375006313e-01,4.141398512121442499e-01,4.396413578528682482e-03
2.215252382280006108e-02,3.823092958178112011e-01,-1.496681421649831978e-01,1.688617847092483137e-01
1.281143344090542036e-02,2.732072533740972919e-01,2.758219846771497452e-01,2.181479069272777155e-02
2.084870604736388522e-02,2.890987450064386732e-01,2.359873532019609033e-01,2.772065792911665091e-02
2.801496227965548369e-02,3.956443064214010263e-01,-1.426264140951789827e-01,1.526226075789991754e-01
1.619231018113287618e-03,-1.564297512149623592e-01,-1.038881752640393175e-01,-6.764584235423802550e-02
-8.165342302673730956e-02,-5.009965548391017570e-02,-2.602575752658466413e-01,-1.433388403863205228e-02
-4.920557492506182767e-02,-1.592554194338373086e-01,-1.407276772119679387e-01,-5.715586624425829376e-02
-2.355590186793994970e-02,3.223475618413798593e-01,2.587230621636152916e-01,2.614074004782682842e-02
3.390465486286416141e-03,1.339079004816478291e-01,3.981993942956788546e-01,3.815770192126669708e-02
-4.040323153664579503e-02,-1.784133030542214282e-01,-1.407829728485473775e-01,-4.674503037571096226e-02
1.740044981221854636e-01,1.539000463721884315e-01,2.387345495979441845e-01,1.701636809255892627e-02
-4.559104473924868034e-02,-1.757118489547929985e-01,-1.388542142313680394e-01,-4.618742988971508145e-02
-3.110719745130234234e-02,-7.000410624560336748e-02,-2.683462455817113845e-01,-2.688698853650875464e-02
-8.750098825601046459e-02,-4.273127223700409760e-02,-2.620382691200151548e-01,-1.407400820209601076e-02
1.512214302618403450e-01,3.648987886377197953e-01,-1.149501345186299123e-01,1.624853778039445362e-01
-4.822587149827036769e-03,-1.449595361519342707e-01,-1.193812170887424973e-01,-3.718119742462196176e-02
6.465565752319157649e-04,1.759540185454562811e-01,4.165739416290372699e-01,4.809454351567527377e-04
-4.815119041941916256e-02,-8.638213453476065173e-02,-2.517838965893835490e-01,-2.002731627156291785e-02
-6.557409538091570067e-02,-2.735925298399861649e-01,2.043400390388500354e-01,-1.315179516330725606e-01
7.018064135310027145e-03,3.045102534551749063e-01,2.567306160378689528e-01,2.539652855652548002e-02
2.742823011870098790e-02,-2.118898043587796320e-01,-9.681546230806602205e-02,-6.506750126698178371e-02
-5.157998550361940493e-02,-6.386532170185796331e-02,-2.698081274816451769e-01,-2.109110312800349663e-02
-5.157998550361940493e-02,-6.386532170185796331e-02,-2.698081274816451769e-01,-2.109110312800349663e-02
-4.015898922025363388e-02,-1.663256241012545933e-01,-1.102822966892814255e-01,-4.957762780433615235e-02
-1.300757278290994856e-01,-3.227726868047461339e-01,1.865371436108981540e-01,-6.003326679217790840e-02
8.256449918741821936e-02,3.567600480540382146e-01,-1.671673510606935531e-01,7.149826600411102184e-02
-3.387031036778215959e-02,1.976854680450482182e-01,-2.356202295403165281e-01,-1.145394659520752867e-01
-4.248076540791642305e-03,2.577747230518327437e-01,3.580666131581070055e-01,-1.793779748426636844e-02
-4.978921450034085039e-02,-1.136812001935414429e-01,-1.377615471886947662e-01,-3.511257593254820536e-02
1.496630004508142098e-01,-3.551130037940480877e-02,-7.829346060323334744e-02,1.577972227166964947e-01
-1.595962597060701926e-01,9.112571141458247759e-02,-2.340496338370079699e-01,6.175644313369409513e-03
-5.515533324306048230e-02,-1.167793208609597955e-01,-1.745115241520503735e-01,-1.989835955905468190e-02
-9.116652504815140473e-03,1.737705645019547718e-01,4.307550860477936117e-01,-1.175353586005081774e-02
-4.090756269944063189e-02,1.854156149215288873e-01,-2.392099853648645691e-01,-7.164260467234892515e-02
1.403024225289012210e-02,-9.121647117921832804e-02,-1.349501753055113440e-01,-6.420813358328687770e-02
2.156101283664429713e-01,9.247046470327177636e-02,2.371306061279204735e-01,1.844426298724127083e-02
3.849834103887300185e-01,-1.048144018067231065e-01,-7.564351736072362498e-02,6.912997096358856897e-02
-6.979594215034518045e-02,-1.130355904666656836e-01,-1.573271894562582873e-01,-6.618581574185715410e-02
-3.613455066949049221e-02,-1.145886152825396076e-01,-1.511295960313525089e-01,-3.449177583174276723e-02
-4.459917198987121967e-02,1.724379083350535691e-01,4.271037708252808929e-01,-1.287044985580715990e-03
5.999621827608511149e-01,5.198535620772772037e-02,-1.044128758955977648e-01,3.612079911189055442e-02
-5.847172464759705507e-02,-1.208199714626674304e-01,-1.235568721273421211e-01,-6.349596957751869886e-02
-5.398650770729430948e-02,-2.920506925651204788e-02,-2.726474992674837727e-01,-3.050546158383537002e-02
-7.253496980923780646e-02,-1.136740859481249338e-01,-1.639150651323236507e-01,-5.622041692544003239e-02
8.527481022261087021e-03,2.367326054451192596e-01,3.734895232414295330e-01,-2.509414752392684703e-02
-1.350516898843918678e-01,-1.193057286482306217e-01,-1.170998068713475643e-01,-3.488731241115609893e-02
1.564521465824821600e-01,-1.820765667274015787e-02,-1.023788352077387859e-01,1.977898074828692843e-01
1.071941207644507531e-02,2.193427751593662878e-01,3.853962033308158674e-01,-2.180292838174432632e-02
-4.024265251198145578e-03,-1.043867417982742574e-01,-1.735531816858078835e-01,1.561965092015451390e-02
-3.458296364789919392e-02,2.722256446460225576e-01,3.141080332836485023e-01,2.190474790310985645e-02
-1.023989498425575406e-01,-2.634271051530686081e-01,2.239921955642283080e-01,-1.145106783837272352e-01
5.148096277776640500e-02,-7.835559775000695837e-02,-1.311780023711102694e-01,-9.829190047177580047e-02
-4.243859751500320132e-02,-1.152581459114773443e-01,-1.570786237815532393e-01,-6.156917060709189704e-02
-9.475739960402056183e-02,-1.318985472575440743e-01,-1.270829163466952738e-01,-5.260567460686641633e-02
-2.564449345301263450e-01,-3.353964600448284400e-02,3.116419731630142853e-01,-1.180019304435229455e-01
-7.100731514093393260e-02,1.107414338594488318e-01,4.182068992867682411e-01,-1.428555582040385262e-02
-4.556196583762114199e-02,-9.634985330323811437e-02,-1.918191487146042873e-01,-3.261356995966224054e-02
3.045543363600645703e-01,-1.144025092843572872e-01,2.551240163215819368e-01,4.837961878758787609e-02
-4.472590232907180940e-02,2.662050714340726820e-01,3.785350193483523751e-01,-6.358726268470176086e-03
1.369206071147353598e-01,-1.618210140338971481e-01,3.420145829491889611e-01,1.165412861548488360e-01
4.055055725471503475e-02,1.958094481383139684e-01,3.407128160768220781e-01,1.658264071502926068e-02
-5.829537388003612486e-02,1.463989049381096419e-01,-2.452514530093171385e-01,-1.091966158638837947e-01
-3.823673403144552813e-02,-1.232523834215102920e-01,-1.629077857118365336e-01,-8.194763465033362559e-02
-3.823673403144552813e-02,-1.232523834215102920e-01,-1.629077857118365336e-01,-8.194763465033362559e-02
4.158354348113568744e-02,-1.613814563979414085e-01,3.740622768986366919e-01,1.193910982030450957e-01
1.316965330750926588e-01,-1.727183573160112062e-01,-1.033311117026816800e-01,-2.199160187152651713e-02
4.889931927933722222e-01,-8.745448119745763416e-02,-1.109612056353350418e-01,1.230779562242929476e-01
-1.228305451770244361e-01,1.670217608892631544e-01,-2.487161507462375409e-01,-5.181960278112737739e-02
-9.798235158576362736e-03,-2.736488619748680962e-02,-2.722757894579418414e-01,-4.690562700112024808e-02
-3.627123692335922772e-02,-1.263115518058336162e-01,-1.592276730397169382e-01,-8.453407604621632210e-02
-8.614382422422690866e-02,-1.205480868091724465e-02,-2.552533883272499193e-01,-5.289251658273216861e-02
-2.753646223901281762e-02,2.598214181848677584e-01,3.234016576395319365e-01,1.796884859949555296e-02
7.280513110635009055e-02,-1.911391713919774749e-01,3.279180963688686501e-01,1.407140610163635369e-02
-4.258952430936174122e-02,-8.703301395252738271e-02,-1.559137484681987207e-01,-7.080825108503875642e-02
-6.268627884398841887e-02,-2.718026185746432732e-01,2.285731388892562332e-01,-1.104287792857483602e-01
-4.170715105332742367e-02,-1.568684919301759073e-02,-2.743487774359613662e-01,-5.460176013281874824e-02
2.824153633919124912e-02,1.266065594100732328e-01,4.297901157821225615e-01,-1.098274934650767497e-02
2.403949352640600556e-01,2.985951319616310662e-01,-1.323776476253945289e-01,2.704304258457919732e-02
5.369827910339004529e-01,-7.011846294630559584e-02,-6.896332438257622710e-02,1.157544584798523707e-01
2.552696141577538436e-01,-1.558806555565795358e-02,-5.509290202582818596e-02,1.590668156086045282e-01
-1.966126273315319927e-03,-6.877381008754915315e-02,-1.437594309947554660e-01,-6.184517045950596592e-02
-1.055072734388164957e-01,1.635294528713761575e-01,-2.481286909631843229e-01,-1.462380262845013323e-01
-5.400232376162959064e-02,-2.641052600251868054e-01,2.273736009644542477e-01,-1.056105549927618403e-01
-8.484490315549139683e-02,-9.826173175862358208e-03,-2.487269060635350637e-01,-6.294655542023716577e-02
1.089032300209790381e-02,2.303660802658591134e-01,3.983530303660763328e-01,-4.595397144915095572e-02
-1.651928745131474308e-03,-1.172203656916545461e-01,-1.209419759652853865e-01,-8.653026741305519520e-02
-8.919360488549968324e-02,-9.759520129310328418e-02,-1.231839101082877336e-01,-8.637182152823684456e-02
-5.141414967762471255e-02,-1.332899962963360850e-02,-2.771625956115451594e-01,-5.443879289632146123e-02
1.162647878269843782e-01,-2.269476083737634042e-01,1.319478808790983115e-01,-9.760959814744779584e-02
-3.346865164537829451e-02,-8.198229499279412191e-02,-1.360512437925006091e-01,-7.484234738445336155e-02
-6.815735548397936286e-03,-2.376110100202194764e-01,2.708367936238751938e-01,-1.327545858703818027e-01
-4.502105360431248385e-03,-1.875061033518403896e-03,-2.601526622115304943e-01,-4.981470920964555654e-02
-1.080935142269001253e-01,-1.034235104664527477e-01,-1.220193246345207816e-01,-4.280818848725339437e-02
4.373996376308209727e-02,-1.804516771465797254e-01,-9.902325783714936713e-02,-6.060956659447871292e-02
-1.989678009435330922e-02,2.520727785720247027e-01,3.156846083031032424e-01,3.579485540410681094e-02
2.774355553227281779e-01,-3.326676040307168826e-03,-1.076105845864036015e-01,1.971571674888548120e-01
-1.198878812558067108e-01,1.356088309303347672e-01,-2.580580782449524713e-01,-1.340074092447043619e-01
1.365246027834143006e-01,-1.273954178386763336e-01,1.891792367749510206e-01,1.353470404651838654e-01
1.913213440456099368e-01,-1.455667069399579627e-01,-1.052674096050260216e-01,1.316823468424671573e-02
5.353841070452626250e-01,9.395503843936958699e-02,-1.072483975502505349e-01,5.156471425049181934e-02
-6.634675136391805783e-02,1.974462643952649699e-01,3.880954341049288603e-01,1.446051504860761637e-02
1.165007180558792349e-01,-1.362493108532867314e-01,3.897066146078140836e-01,1.236974403744688089e-01
5.691852201419805857e-01,8.839295777734185178e-02,-1.037744447253471508e-01,3.985172899089586135e-02
-6.236641587603493353e-02,-1.154954014870178958e-01,-1.987640457457152121e-01,-9.718674706358057178e-03
-7.391757874565654807e-02,-1.059220047339519966e-01,-1.967485506519290328e-01,-9.756403683589058920e-03
-4.862460132915193828e-02,2.479223401974659236e-01,3.973402142906934387e-01,-2.982490974124622947e-03
-7.319903778435106478e-02,-1.019210922897442750e-01,-1.958302687916271823e-01,-1.539413894940399978e-02
1.960073947338696332e-01,1.432669123991762647e-02,-1.230498182900569004e-01,1.463711945011419713e-01
-4.572418184944048586e-02,-9.941080959102335801e-02,-1.939194638070603216e-01,-2.729008256760188933e-02
-1.889775019627465413e-02,-4.201135963040744659e-02,-2.673335448127109881e-01,-5.810188317573284494e-02
-1.288962456973073017e-02,1.946305225204709721e-01,3.992870975664667421e-01,2.627466667674204729e-03
-4.773972361443835216e-02,-1.028314978454269030e-01,-1.952365472796118995e-01,-4.053676907564854326e-02
-4.793015380662139086e-02,-1.225992779904191421e-01,-2.031864989939958510e-01,-3.262860702408886676e-02
-9.833548313615185499e-02,-1.183583258241301672e-01,-1.446737383587896886e-01,-4.497699049605449750e-02
-5.991747672247267620e-02,-1.026900182094026143e-01,-1.982199660278903541e-01,-4.551707685536040410e-02
-1.964008034810926784e-02,-9.572825954436837981e-02,-2.608603151883507887e-01,-2.011588273429812390e-02
2.890282586108724461e-01,-1.319014000933857733e-01,-1.423216952463303153e-01,-6.114970108628201007e-02
-8.253187956520284529e-02,-9.282231991820122374e-02,-1.725477950109103875e-01,-2.844254332081269307e-02
-1.151621439273823044e-01,-2.380203315218503424e-01,1.542541350068590555e-01,-7.416197372751834847e-03
4.082008379047735724e-02,1.806913122202169764e-01,3.237861943800042774e-01,-1.164212820581861721e-02
-1.821029506484087013e-01,1.221246612657708383e-02,3.218498298016622683e-01,-1.783038830949467135e-01
3.393899544079154174e-02,-1.233241895903033764e-01,3.813709098607833137e-01,1.316697464736050760e-01
-6.490814918299567249e-02,2.591568397372738253e-01,3.586509047484729429e-01,-9.244133117868055458e-03
6.704596565190694413e-02,3.111814009232221068e-01,-1.752440553293712622e-01,9.067215093911690227e-02
5.884219594456399638e-02,-1.258537812753019181e-01,3.928906728312711594e-01,1.077763746843434373e-01
-1.095415042794213867e-01,-1.142703394997638400e-01,-1.543176858379805561e-01,-2.821500819796088355e-02
-4.745653290895149312e-02,-3.824763501753181832e-02,-2.811559642070369791e-01,-2.948440568160463904e-02
-2.700838842447149044e-02,2.666823073847868764e-01,3.134896552173529471e-01,3.049188800721409909e-02
-3.848510210325181008e-02,-5.472014831294862158e-02,-2.800979752271980372e-01,-2.304131217172647114e-02
-4.021118079719106925e-02,1.246791610991770521e-01,4.205050820711054849e-01,-1.131760018821048250e-02
3.803236696225866659e-02,3.199820872189518273e-02,4.215011568909062256e-01,7.212372960982096903e-02
-8.396736257591344565e-02,9.539678221529421243e-02,-2.650331427897689163e-01,-1.427408146647397291e-01
4.413368017845716862e-01,-8.205775962333783369e-02,-1.095959018719305372e-01,1.139723218955678574e-01
-9.790961525941511631e-03,-1.153967457316830980e-01,-1.912285213887903179e-01,-5.992830916871096092e-02
-6.109718794218661764e-02,2.588171739825335660e-01,3.859106435581870498e-01,1.002483258634990181e-02
-8.993387762371563010e-02,1.485524684972703291e-01,-2.632842311440263261e-01,-1.816788975446546051e-01
-1.046672503300820067e-01,-9.876691353866827450e-02,-1.449883163913272266e-01,-4.792205755504866382e-02
1.511329118393018971e-02,9.960483512996547162e-02,4.424808368999446073e-01,2.645649897104077747e-02
1.071545851125915577e-01,-1.506445996891944417e-01,3.796058214434833156e-01,7.753965531799487942e-02
-2.575444830509599631e-02,-1.063227536534049611e-01,-1.809876164009531774e-01,-5.327971945567132328e-02
-4.571863986641173244e-02,-1.139051170523858736e-01,-1.954193184019516472e-01,-5.130146249437607386e-02
-4.857662591692640808e-02,2.381057507942961615e-01,3.424581929235613331e-01,1.668144383951172599e-03
-5.280942387498929053e-03,1.042118795174091089e-01,4.264798157035232240e-01,2.824470935144713160e-02
-4.925938488952465860e-02,-1.061313097392431043e-01,-1.779447614172894876e-01,-5.300908176906803104e-02
-2.303770035237630298e-02,-2.259522249802506100e-01,2.722925905968857641e-01,-1.396472030793823871e-01
-2.639738029657418689e-02,-8.673459616180302645e-02,-2.513280214509178712e-01,-4.188453990583129727e-02
-1.942416401231678025e-02,-1.396709712201426867e-01,-1.439148012384089681e-01,-9.333460134425679289e-02
-1.434160452502648286e-01,-2.565108622867140475e-01,2.129413676952006673e-01,-8.935899797334748151e-02
3.294046508261942730e-02,-1.355596229339076364e-01,-2.364282585785536794e-01,-2.729712138528391646e-02
2.055941337190094961e-02,2.389432591406522588e-01,3.078891361223077827e-01,-4.373634644997982657e-02
1.255305871457120803e-01,3.288011715080794151e-01,-1.414883743703135299e-01,8.120779013961932800e-04
7.912067550968332474e-02,-7.412343245723576612e-02,-1.268432146827378759e-01,-7.449856618483667592e-02
