-3.596987677233545039e-02,-1.184900877719446827e-01,-2.200239605246384345e-01,-7.894226191585427058e-03
3.030726273588544694e-03,2.091722589385634490e-01,3.504296213982385222e-01,9.389242129113038737e-03
7.037456744850095758e-02,-6.643678036272908372e-02,3.646956635757321319e-01,1.405883980779935316e-01
6.010901708767080881e-02,1.835550815754421194e-01,3.410524608645995048e-01,-6.894710788210303525e-03
-2.048675742254904564e-02,-1.259440399602933525e-01,-2.074974993110412225e-01,3.350145433379615300e-03
-1.510037638008432104e-01,1.372305787099559471e-01,-2.269604943387196205e-01,-8.244447183089759212e-02
8.076276968694344471e-02,-1.762486914790740433e-01,-1.435468637312398432e-01,-1.277453657371337425e-01
1.158897553261793723e-01,-6.318023491479453357e-02,3.396254368421864900e-01,1.260868914859255285e-01
4.620179332253443460e-02,1.054522416547576391e-01,3.566105452600742409e-01,-1.404273149786589882e-02
1.699469093145546117e-01,-1.223012682076941304e-01,3.148368893192536322e-01,1.233931831338413998e-02
-7.221587061861094170e-02,1.913023531504986219e-01,3.970214935760159047e-01,-8.486127368400309817e-03
-2.785677721391030537e-02,-1.209753810563286985e-01,-1.850097349915803824e-01,-5.893625799868477955e-02
-4.747215934120518205e-02,-1.212936002730770485e-01,-1.474565207756238783e-01,-3.215587087059809668e-02
-3.432324240378387126e-02,-2.225757627914168035e-01,2.367483654367536217e-01,-9.842751150205561461e-02
-2.951632012576121955e-02,1.513422273435406640e-01,3.901147032567590656e-01,-1.231876173503524893e-02
8.034688726273905846e-02,-1.873861359265278359e-01,-1.146034867027031778e-01,-1.533354158940121170e-01
1.684922794129065093e-02,-2.087266783769270162e-01,1.797580713697329580e-01,-5.945877219459980156e-02
-3.100837417181710395e-02,6.858853769187229360e-03,-2.299141502858801922e-01,5.448551942800678588e-02
8.805302809708313860e-02,8.743119389934919661e-02,-1.771005334620350813e-01,2.314381602050985531e-01
7.757723807091411461e-02,-1.579927301906495773e-01,3.293902423548018543e-01,4.524709850443149606e-02
1.003027541174646570e-01,2.486216272024570351e-01,-1.535192152380704944e-01,5.741668265764469925e-02
-1.143818851186533675e-01,-2.410723041941666700e-01,1.667678754658535878e-01,-4.309183741353735109e-02
2.006225258326050156e-02,-1.623055723412594187e-01,3.127661676440944283e-01,1.138990008534020160e-01
-3.128598590522797818e-02,1.271865048345252602e-01,-2.310528787501925363e-01,-1.176257914396092591e-01
-4.417258423225516040e-02,1.277215061680516406e-01,-2.341080509485144734e-01,-1.934190222477852328e-01
-6.735481341220057871e-02,4.798309786544854155e-02,-2.034545508914905598e-01,-6.715188482226165656e-02
9.465990962644775172e-03,1.371791323581976196e-01,-2.113835292479677719e-01,-2.234397453333776817e-01
-5.545698448498431743e-02,1.216694458546134228e-01,-2.346111270906607871e-01,-2.067794855394716746e-01
-5.001997205604739871e-02,-8.566450325311970870e-02,-1.851302076342884462e-01,-8.296346831704864977e-02
-1.088314083539746457e-01,-2.019951899720195121e-01,2.453878442033354812e-01,-1.261393971378448331e-01
7.404959790564751010e-02,-1.325252524728391945e-01,3.203974316680699430e-01,2.410007163861921722e-02
-1.888483871658634128e-01,-2.412283575685791048e-01,2.206536593267856838e-01,-3.155506585284473947e-02
-1.104472795147008329e-01,-5.361012330079969329e-02,2.806307127076477781e-01,-2.147514611526472328e-01
1.467568906494701453e-01,1.661785796498458367e-01,2.169768547999204600e-01,-7.069047635973936539e-02
5.687079047129930259e-02,-1.292066448651695565e-01,3.730994607984017275e-01,4.565824233496635493e-02
-1.184370171364346747e-01,-2.339856092899829099e-01,2.595004857845074620e-01,-9.725601061859281971e-02
8.017878952058275777e-02,-1.571617985784206084e-01,-1.297856952534103547e-01,-1.384094469492560819e-01
-5.012590732074560101e-02,-8.171318222069856585e-02,-2.003011181092455295e-01,-7.263794360981445930e-02
-4.960439735295026076e-02,2.324787834042719714e-01,3.845594415245759956e-01,-7.681197883639433177e-02
3.934356365655336529e-02,9.728729973258587460e-02,4.324656339826123963e-01,-5.274648632249807900e-03
-1.189240744596696819e-01,7.442231636780757831e-02,-2.525059010547210381e-01,-1.079704921139219564e-01
6.455219063214240154e-03,8.554915721035713516e-02,4.516032057511781272e-01,-2.198573328524704162e-02
-1.587874614899203660e-02,-7.475810168970235814e-02,-1.734970939142577162e-01,-5.324420950755203580e-02
1.838784592489743352e-01,1.451014126402497273e-01,2.884138071555876759e-01,-4.657183030531083373e-02
4.195962864652451330e-02,-1.360699826382835709e-01,-1.262038471803398620e-01,-8.266395008840539405e-02
-4.213318064710792205e-02,-8.347957237021413901e-02,-2.209060326649727457e-01,-5.905936557820920529e-02
2.730317674310199592e-03,1.942362607140225295e-01,4.096432967151163451e-01,-3.118802636394462854e-02
-6.209060832956134895e-02,1.008613371603529207e-01,-2.500631749342514532e-01,-1.490857051570445013e-01
1.669556255735487327e-01,-1.509011309270239520e-01,-1.731021835751168358e-01,-1.931304623319116953e-01
4.145814662257327893e-02,8.993283689816820858e-02,4.404022819582710246e-01,5.628583260489502735e-03
-4.071630769445025444e-02,-8.632356507183869265e-02,-2.039728447982304960e-01,-6.356543369598469106e-02
3.445957735215148671e-02,-1.682616136321155864e-01,3.627487533510003193e-01,5.287513166846245782e-02
-1.663897603692145871e-02,-7.440982364619563860e-02,-1.962108201240972960e-01,-9.931853145328987942e-02
7.559010956345141308e-02,-6.449385474984280220e-02,-2.569668595570037128e-01,-6.250754651710890841e-02
-5.229429284402515449e-02,-2.232806961419421254e-01,2.821655646960894992e-01,-1.089687269706243467e-01
-5.120194821725821549e-02,-8.628882506101860986e-03,-2.749478094626208735e-01,-5.539951107452219942e-02
-1.822874396299725697e-02,-6.980112809998374745e-02,-1.835939171637350487e-01,-8.595436203378818696e-02
2.449655601175735609e-01,1.788776505953617799e-02,-1.122687730813380497e-01,1.424372966437244259e-01
-2.257352324520464637e-02,-7.031895837878958389e-02,-1.686215319354140985e-01,-4.366413770109575654e-02
4.922753967650184137e-01,1.424689556466435525e-01,-1.085948285783969597e-01,-6.852767509376685162e-02
1.105995324939571256e-01,-1.443985160051299566e-01,2.604260918683358739e-01,1.569947403823333809e-01
-6.073359356936649384e-02,-7.967749598304403602e-02,-2.067633703658040278e-01,-1.480369134228956378e-02
1.825423168746347635e-01,1.604696355396828533e-02,-1.130779714190266044e-01,1.769105397299196303e-01
4.947377666164476211e-03,9.859309747032303506e-02,-2.358115533713855128e-01,-1.777070730256055109e-01
2.726670140815706453e-02,1.271023542075443158e-01,4.279489445603823494e-01,-1.689615143658129356e-02
1.221080460953974239e-01,-1.431488337032753022e-01,3.549427734304976823e-01,1.077198629168772126e-01
-2.206544074581868672e-02,-1.112651895029740656e-01,-1.617201273740574707e-01,-7.512739363765413847e-02
6.750340337460335183e-02,1.880814229174444241e-01,3.561884376251541751e-01,-3.115141517769986698e-02
8.803894710974913967e-03,-7.656500115597357492e-02,-1.995354075089783574e-01,-5.328163730652707430e-02
4.369552134103134311e-02,-5.928790890931787821e-02,-1.575801017954486793e-01,-7.760566189676901261e-02
-2.321107805893962359e-02,-9.760926752267203022e-02,-1.736407518121081961e-01,-1.099170538667844227e-01
-1.109951287878848947e-01,1.253928656866251379e-01,-2.488520808263561535e-01,-1.433238073328891860e-01
2.349669996502579215e-03,-8.699804051931568638e-02,-1.686333594809753533e-01,-1.204964212567158077e-01
-8.733029764889435609e-02,-7.803465988148877708e-02,-1.610357869353415405e-01,-7.897740679477970038e-02
-1.484325311678943160e-01,1.048318576811098912e-01,-2.387963475312584183e-01,-1.079811302424620867e-01
1.488849662496787296e-01,2.904163915025225751e-01,-1.917271533647334769e-01,-2.015235564796998696e-02
5.732654431274923634e-02,1.020813087429135596e-01,4.550338601889933332e-01,-2.721986450515361325e-02
-1.881718753872940048e-02,-1.018212573821136897e-02,-2.751990873919163971e-01,-6.597975059164574996e-02
-4.412732995203111352e-02,-2.267914197092460171e-01,2.586368331787944896e-01,-9.529623477801991982e-02
-2.385828026065645729e-02,1.588767558704749505e-01,-2.506598209296089785e-01,-1.493368059407126081e-01
-2.361337649238583539e-02,-9.507708224739214176e-02,-1.853789607352098190e-01,-8.110873178551644691e-02
-5.273953003763533903e-02,-9.454675506075893576e-02,-1.805709231228862510e-01,-7.692094303922381027e-02
-2.761655803468878595e-02,-8.639423708236597388e-02,-1.551759618931863038e-01,-1.001913942502632854e-01
8.473621174351737839e-02,-1.667685953696690093e-01,3.577097666499710060e-01,1.594446571567917012e-02
-6.275390462677496450e-02,-9.296960815736016182e-02,-1.702104319917900066e-01,-7.664420648457927199e-02
-1.035823343972147870e-01,1.221936298965571044e-01,-2.441238400208466108e-01,-1.654656067390002094e-01
-5.105809126476208715e-02,-2.575371133979518223e-01,2.100358318607984665e-01,-1.812187784585862493e-01
-3.748662818755148923e-02,-8.198262293306575466e-02,-1.856755259365185096e-01,-8.283337420336853163e-02
-2.899279091509770687e-02,-2.411456291774817795e-01,2.487761674405533363e-01,-1.422158986084759991e-01
-5.100347059403811945e-02,-2.564459373028388223e-01,2.343552102936630743e-01,-1.772839536572875518e-01
-4.754909317251960338e-02,-8.093450559229214969e-02,-1.688807724787847742e-01,-9.121378001690777504e-02
-9.167545844315277970e-02,-7.377614192516608604e-02,-1.488566343113953416e-01,-8.406991658079020213e-02
-2.399625866700524218e-02,-2.663112401372271648e-02,-2.671736913177435446e-01,-8.137707726203165237e-02
2.397633354845643897e-02,1.016704745599850829e-01,-2.289952870868813273e-01,-2.060296722820634252e-01
-2.905784063746515850e-02,-1.984428569146387822e-01,1.388158544006848905e-01,-1.832933081090845073e-01
-4.905761504288217584e-02,-1.017854845425426001e-02,-2.665165080030238443e-01,-7.322547976034302075e-02
2.383826311519014057e-02,-5.940791104780736992e-02,-2.610669087191710425e-01,-7.674159460871524119e-02
7.592856373102678524e-02,1.093016789478857276e-01,4.288230141136599172e-01,-3.123140805307158402e-02
-1.267594845080056154e-01,9.782185961732337010e-02,-2.132107141765829106e-01,-1.594298121932396228e-01
2.362842882242055242e-01,-5.628085874114258785e-02,-3.178257017919601524e-02,1.506009894356290235e-01
1.416747143718695146e-01,1.482211436009028653e-02,-1.085120143172940699e-01,2.058370343248303036e-01
-9.628846276043134811e-02,-7.560109615927888826e-02,-1.015462144995452759e-01,-6.294237784124889767e-02
-6.167484218360593656e-02,-8.304499407298086833e-02,-1.848655980978773095e-01,-4.479271690604006567e-02
-3.813440253218740306e-02,-6.663725488952423892e-02,-1.654717690886476911e-01,-6.133472475014485614e-02
-2.282498041188834037e-01,-2.723911975204916236e-01,2.010337358196493396e-01,-5.497088544077532307e-02
3.651512404550553981e-02,1.191836466008355105e-01,4.465246468354130971e-01,-2.640156874225221134e-02
-2.414971577362681060e-02,-1.004984444906183993e-01,-2.182625231308392422e-01,-4.566746786541951708e-02
-3.543306218724837087e-02,-4.880327376749924589e-02,-2.603706815626542492e-01,-4.877113374310124844e-02
4.076804563228582368e-02,1.717399898499996080e-01,4.152712763787931860e-01,-5.595746312157640068e-02
-2.065800818282724494e-02,1.567022836598153945e-01,-2.437308790392603841e-01,-1.850915476982304131e-01
-2.199920037968093947e-02,-8.834990263711167691e-02,-1.886735392803170763e-01,-3.355550896339450084e-02
1.595316795903879356e-02,7.288363621165819262e-02,-2.343375933806487732e-01,-1.864773620505514318e-01
1.291339238352064156e-01,-1.102990768373991737e-01,4.026330925349527190e-01,9.695390920673724322e-02
1.317584866621448747e-01,-7.678520681871607578e-02,3.046830875818011264e-01,1.009654813142662755e-01
-4.738571483829277092e-02,-6.702006075780012062e-02,-1.964502524083547863e-01,-3.552212325605644955e-02
-4.552366106699583248e-02,-1.991349011809069591e-02,-2.625315426756555381e-01,-5.960945739976119401e-02
-2.817459375000657892e-02,-1.212911995496528117e-02,-2.618872800950338697e-01,-6.618715746049752546e-02
2.240684596694751396e-01,2.835933138872375608e-02,-1.255465200604879428e-01,1.127405777417849336e-01
-6.743393143683124036e-02,-2.265207297177026236e-01,8.580331330874597928e-02,1.573196585283671584e-03
-4.506850858782902869e-02,-2.645100069070170645e-02,-2.775881559794253217e-01,-5.087048600254690661e-02
-5.203693367839637429e-02,2.854040219859626127e-03,-2.585545213993287739e-01,-7.204073640263781997e-02
-9.406308074303354472e-02,8.275790933854032180e-03,-2.487076474708795615e-01,-6.988321398044515520e-02
5.195702275932431724e-02,1.488293602711949770e-01,4.123442998800463388e-01,-4.590883417106435271e-02
-1.254164578668933716e-01,-7.516573677276740251e-02,-1.497442413613430945e-01,-5.405171525950042133e-02
-1.102234920830128390e-01,-1.065740810412684897e-01,-1.320509605701722100e-01,-5.332961756605085479e-02
-1.094744544289094068e-01,1.311571926307274483e-01,-2.037280751966736025e-01,-2.011328142656489126e-01
9.515839323970666508e-02,-1.298328945419108260e-01,3.687301070916599866e-01,7.976624295004131060e-02
-3.532900804532139449e-02,-6.854983653890447948e-02,-1.863618981111919704e-01,-8.213740856508636168e-02
-7.828345535958884660e-02,-8.426156651696556366e-02,-1.206950558182880023e-01,-7.853807356566205877e-02
-1.575759477778243545e-02,1.688568478944463547e-01,4.344973044115356675e-01,-2.957470878869494432e-02
4.658659546819216013e-02,-4.832927073217421765e-02,-1.781543853417123235e-01,-3.688109065480964927e-02
-1.978352020480064061e-02,-9.494581335244532683e-02,-2.006177767498566189e-01,-3.383104095340147555e-02
2.286130737268289304e-01,-1.478933456876465047e-01,-1.592430976346469740e-01,-1.450547816650393784e-01
2.972153093341107222e-01,-8.593489063744852441e-02,-6.097478551325297841e-02,1.141162155560864339e-01
-2.489135127445086526e-01,-2.552094462623271109e-01,1.875619558998269931e-01,-3.241714815349219098e-02
-4.512927750734707644e-02,-8.449369985179261411e-02,-1.747441689091136785e-01,-7.221100499225099889e-02
-1.593056851828643372e-01,9.661894857938597980e-02,-2.143396738458323014e-01,-1.171517408111941577e-01
2.241148998879046450e-01,-1.386500203849521939e-01,-1.705996834925979644e-01,-1.308433472708583623e-01
2.049808795854810017e-01,-6.128061956870993476e-02,2.742814026314096543e-01,-1.055981390868194515e-02
-4.540460147353983511e-02,-7.577727129238094606e-02,-2.097912064363253448e-01,-5.320507205825806413e-02
-1.485125291645051360e-01,1.278902743615282500e-01,-2.055927079542734237e-01,-1.461631885032544098e-01
-1.127767443752251790e-02,-7.510066787889556339e-02,-1.874573935362270072e-01,-2.694241540785896269e-02
-2.070783377616726151e-01,1.358687965415511512e-01,2.669088585639325384e-01,-2.452774686043087404e-01
-4.228706560958406940e-02,-2.218346245769792918e-02,-2.631903072422223100e-01,-7.431731595099888565e-02
-4.143734370417060525e-02,-1.126120593719518587e-01,-2.059010828984539632e-01,-4.542766528592766251e-02
1.371095789599935111e-01,-1.540790190363450218e-01,-1.137354451027136615e-01,-5.247326608143903365e-02
5.072263067694339211e-01,1.316294321525039168e-01,-9.139898325968960624e-02,-1.743490692275015408e-02
2.105643296862039493e-01,-9.882329306722618945e-02,2.801264878870455832e-01,4.535432423347488667e-02
1.037768267026018855e-02,2.775503607733603717e-01,-1.686511298131902481e-01,1.361449351090671389e-01
-1.037491431575827128e-01,-1.603052973391246860e-01,-1.294862489293671648e-01,-6.237461834429639668e-03
-5.808944695646491019e-02,-1.386749286729623831e-01,-2.052023133141311351e-01,-2.411462316945743155e-03
7.169836343225871600e-02,6.662761250640963917e-02,4.099395105656098992e-01,-1.124363776477716771e-02
1.204072346608094438e-02,-4.865741325763115604e-02,-2.348781350980835847e-01,3.051667362913058901e-02
9.436506883014322833e-02,-1.072995114354727691e-01,3.360944834781509072e-01,1.612618078666758215e-01
5.114360329987898135e-01,9.411774868992259235e-02,-8.652401256715469557e-02,2.539207961794034268e-02
-4.524471290676152641e-02,2.755476509070141078e-01,2.790579695557748319e-01,3.006094118347539534e-02
-8.221650140412112284e-02,2.233856317913432699e-01,3.550349192940931431e-01,6.817799058187285106e-03
-1.322300906893605910e-01,-1.567055687833157629e-01,-1.179474073317819949e-01,4.904915543954149228e-03
-1.159174891599073359e-01,-7.355995856504747576e-02,3.167686919527242240e-01,-1.776693954882702930e-01
-7.478522668685327890e-02,-1.138287110475759562e-01,-1.604397756282394394e-01,-7.244378978355311581e-04
-7.836605766930421213e-02,-1.437622171862879827e-01,-1.925786940335723063e-01,1.532881762866034579e-02
-1.358216964975408614e-01,-1.249042474360806815e-01,-1.085989402726896674e-01,2.146732945806882186e-03
1.317650446901309225e-01,-1.995335729737335306e-02,-1.113894010837240267e-01,2.897995624304626205e-01
-7.970417642627963817e-02,-1.484120170739192390e-01,1.197878220182370390e-01,-3.384977977854410763e-02
-1.680817066888180356e-03,-1.005534732587279878e-01,-1.534666866296891530e-01,-2.077174305198849907e-03
1.526696787846714420e-01,-1.752239899684576718e-02,-1.074975427232311570e-01,2.679721116749017029e-01
1.432502687927169061e-01,-1.047759696448389705e-01,2.463308824169151978e-01,2.182166671747041431e-01
5.117820595544753104e-02,3.453426976672454018e-01,-1.505912898374267284e-01,1.926922349542325719e-01
-3.812269740512115590e-02,-9.309845890055919171e-02,-1.805138102250547494e-01,6.615681527023091479e-02
4.936488434239864193e-02,4.377271239630235733e-02,4.394778733558387662e-01,1.700637864496369958e-02
-8.321274057868245644e-02,-1.022815460633048068e-01,-2.116024710424662669e-01,4.131860642394934863e-02
-7.367179529743107802e-02,-6.184662543711396537e-02,-2.604827945050197102e-01,5.223063979061208853e-03
3.590478370670106140e-02,1.986444363626280185e-01,3.110520581696045728e-01,4.542057050056737960e-02
1.053882975698543639e-01,-8.002029190875946385e-02,2.519863101822089613e-01,1.430675328961919235e-01
-7.283580506534161059e-02,-4.467618777558256954e-02,-2.468098446284182068e-01,6.943686208838955806e-03
5.510854531487683478e-02,2.017258921230108970e-01,2.916760166280292776e-01,4.351139467358319107e-02
-7.633181881817469039e-02,-6.380912795806391313e-02,-2.636320578591158093e-01,9.194853374850866720e-03
1.779740085528819238e-01,-5.010054100241908420e-02,-1.413852388795962256e-01,2.975336200686294896e-01
-2.840551249639066897e-02,-1.584486912915382406e-01,-2.107511897590718108e-01,2.622724228649736186e-02
-1.753642501458403391e-01,-1.160057757976287046e-01,-1.254161944749297986e-01,2.360806915789465457e-02
7.091133269936349126e-02,3.478488598004553789e-01,-1.510406691769700660e-01,1.903023254166497646e-01
-8.148080017602118974e-02,-1.205269244316682642e-01,-2.120164144244795490e-01,3.824598777166493546e-02
1.394115693917525600e-01,3.710247635931749471e-02,-1.948630934256219138e-01,2.503708964140489712e-01
-5.371365692501773453e-02,-1.184971914425698852e-01,-1.819340837441806857e-01,3.576678085126409196e-02
6.117380357819700472e-03,-7.793323690169952356e-02,-2.455667373301326228e-01,8.440444261350829591e-02
5.901260740550234862e-02,2.065574098951254711e-01,2.848963839537306808e-01,4.255544748514190900e-02
-5.604508021514249122e-02,-1.077166755928373604e-01,-1.612848395223100417e-01,-4.253155593021437642e-02
-1.230545703865401630e-01,-1.337618920755568631e-02,-2.383403652682472840e-01,-6.807026398160701333e-03
2.815419166182238087e-01,-1.162754755933658873e-01,2.339016283452010347e-01,6.705377936943909822e-02
-5.692076139958616304e-02,-7.476190780471822506e-02,-2.531941924519112153e-01,-1.150128960428799252e-02
-7.510046986510618416e-02,-3.216055149124077278e-02,-2.514237737431974651e-01,-1.969335616095880398e-02
9.419940851409645821e-02,1.801911987378904123e-01,2.533486367109408222e-01,1.388260477657092366e-02
1.904119451105542454e-02,-6.525674814843741844e-02,-2.533965914149662324e-01,2.423399379184508137e-02
-3.945657703314085080e-02,-4.628027743137964195e-02,-2.723023302509660626e-01,-2.993896654501624829e-02
-5.037909256475777559e-02,-4.790690244676902576e-02,-2.653045136970496043e-01,-3.958764255192673970e-02
-8.069771288665096576e-02,-1.009017174806442485e-01,-1.889700133665385695e-01,-2.180870752667040183e-02
-5.880048577947064731e-02,-1.023624373635428908e-01,-1.483685731561170673e-01,-5.884665496137368723e-02
-1.046982061725110214e-01,1.652389230080918148e-01,-2.279808902184105035e-01,-4.973797787767420681e-02
-5.743139637249444762e-02,-2.043286608708007601e-01,1.262297159392279378e-01,-4.764780995643740080e-02
-3.071571424983043919e-02,8.444990132455565401e-02,4.145294000891508457e-01,-2.864173842437454584e-02
8.521280715872610323e-02,3.172536308173496966e-01,-1.798930772408266765e-01,7.204848800424823452e-02
-1.069854581472027832e-01,-1.591067439705942709e-03,-2.620344302148433502e-01,-2.596719545875138258e-02
-6.401646143894079710e-02,-2.468608067765140357e-01,2.439041298800141977e-01,-4.780501292506187522e-02
-1.747319780128738786e-01,9.530211985711163625e-02,-2.505550323753572006e-01,-4.179326072938402414e-02
-5.512492192333052349e-02,-9.827227822123010825e-02,-1.509559629206498887e-01,-4.802498819529375795e-02
-2.332538326977035281e-01,-3.092428871478580810e-01,2.040254145917249629e-01,-5.906846006663858152e-03
2.649261692102457960e-02,-1.766826020621317384e-01,3.276692495726265530e-01,1.069425843079782057e-01
1.054625117135604521e-02,1.789027620293074661e-01,3.905449893618676560e-01,1.262784617697107134e-02
5.818599309440315032e-02,1.795170956052172528e-01,3.425857948369388506e-01,1.293296520294228737e-02
-5.863255671589387430e-02,1.665370851507853578e-01,4.360780905894310333e-01,2.523922971518125641e-02
4.193296520575529596e-01,-8.450328923704369943e-02,-2.408125469978919866e-02,1.186767406187759361e-01
-9.938093926892119234e-02,1.434485711737102653e-01,-2.447362857690023319e-01,-1.249094973962916327e-01
-6.289570486570859875e-02,1.368603519643267485e-01,-2.442899271155873075e-01,-1.062528712435354683e-01
-5.510338445764365045e-02,-3.790651550509473861e-02,-2.773248234603329920e-01,3.556572162568365485e-03
-4.295918432292700900e-02,-9.248690492788018414e-02,-1.942014036520037512e-01,4.026934164230674268e-02
1.992046496499111086e-01,7.468721492348466030e-03,-6.682268131167144742e-02,2.937711589089080366e-01
-7.455474331206717042e-02,2.056491936973536827e-01,4.224239655927518600e-01,2.550343276146538329e-02
5.206456385446495139e-02,1.604854257328141576e-01,3.598562767898370596e-01,2.081558236238540902e-02
1.997232587625025202e-01,1.168513494318313035e-02,-6.558528781222157378e-02,3.187987428460321015e-01
-2.070780777946091070e-02,1.763194413138389760e-01,3.597271170286627795e-01,5.768309817646179866e-02
-2.409515894624346746e-02,1.454706595854637630e-01,-2.411438660386093225e-01,-7.820978586111478059e-02
-5.963304731701203620e-02,1.915416553871567840e-01,4.217833654617488270e-01,2.372987520761005165e-02
-2.258576193822450784e-01,-2.843644849598574442e-01,1.407618115315736329e-01,3.948214155002696679e-02
7.332073147523016088e-02,-1.605315826839413540e-01,-1.270102971474494358e-01,-4.957002904343534369e-03
9.593661474859427329e-02,-1.400452406351328505e-01,3.892609974584109733e-01,1.248694771676246845e-01
-1.297346436991345109e-01,-8.414378615869617939e-02,-1.616047872283756792e-01,1.890506582570216851e-02
-5.553571761604630952e-02,-8.457794161344009409e-02,-1.701187538117375775e-01,4.005426178071966326e-02
-3.820684650286842315e-02,-9.642120681298994855e-02,-1.940033825362373343e-01,5.445328459159137074e-02
1.184295742850321881e-01,-9.095748265072742256e-03,-1.348316098926770623e-01,2.763196326122138169e-01
-9.323368644570648178e-02,-9.445294262634079674e-02,-1.935092526135695212e-01,8.381773042511243832e-02
1.136588400251779124e-01,7.088339087180839729e-03,-1.268493281228392222e-01,2.525239977499763588e-01
-7.320373270501542851e-02,-7.644741027181929660e-02,-1.988560835227346502e-01,5.912907523906502094e-02
7.880022181808636617e-02,1.200951059922254621e-01,-1.910246969393495087e-01,2.057512178685333426e-01
7.162418251319194185e-02,-1.316849837870998630e-01,3.692570832410614901e-01,1.158255667723433885e-01
-2.079689942799893554e-02,1.906464212441544293e-01,2.771655071510352730e-01,2.600681977230932460e-02
2.599692263020825234e-02,1.620294568251007261e-01,3.834994724333817273e-01,1.529599685081117592e-02
-4.097034288642608518e-02,-2.443017815799377462e-02,-2.639408452825429685e-01,1.976321506646012971e-02
-5.705989026773271994e-02,-2.085280794269932236e-01,2.828106108742746705e-01,-7.860079244005137300e-02
-6.793025830794344189e-02,-1.019272912483273064e-01,-1.573199503889602946e-01,-4.160065131527316412e-02
-8.185875808679991816e-02,-1.057426013412676030e-01,-1.669774968858543096e-01,-4.359929494658246890e-02
-1.330329812296734415e-01,9.750752781553675974e-02,9.112514857405562552e-02,-9.077784642042791008e-02
-7.224306725051848899e-02,2.342189602974483753e-01,3.815012661544044947e-01,-1.285531046183122431e-02
-2.592878527443562287e-02,-8.127038115461834855e-02,-1.803116284433708139e-01,-1.026735638807935343e-02
4.227514917075058110e-01,1.528238713824583150e-01,-7.055499621934969989e-02,-2.879851813111544354e-02
3.606908338269786823e-02,2.084390552928869489e-01,3.535236857045617742e-01,-8.409975640644017092e-03
-3.678353819049832996e-02,-6.324706122758795568e-02,-2.633181365533737162e-01,-3.322941528904301695e-02
1.587491809810086599e-02,1.716156082761531032e-01,4.038082553249748852e-01,-2.076932959726705309e-03
2.178735143105070202e-02,2.205456760357733248e-01,3.600974923395843241e-01,-1.860867106690531486e-02
6.658414582989650998e-03,2.067151827236645145e-01,3.815931764765614354e-01,-9.744925043712793569e-03
-1.647840604141049548e-01,-7.417127160174277756e-02,3.157173994736563460e-01,-1.333402187183095888e-01
-5.090839389493490019e-02,-8.880736671161586215e-02,-1.908957724701895453e-01,-4.936661818376399807e-02
-3.454936929059571754e-02,2.036302268706049415e-03,-2.406749979839681308e-01,-1.459008625464513868e-02
5.004679138132701183e-02,-8.826327295408128992e-02,3.320703341580605317e-01,9.796799615419070351e-02
-5.103722365678929618e-03,6.973034235912323187e-02,4.436467467753532623e-01,-5.151802929537780681e-05
-9.562149350164229900e-02,-5.443184683651204440e-03,-2.634314641915415089e-01,-2.568200888366835646e-02
4.091546201763748836e-02,1.424646103721216861e-01,4.006219545159913631e-01,6.619821833750161484e-03
-3.449281950130601154e-02,2.400156491200334530e-01,3.967848131727100269e-01,-1.088579405193309049e-02
-6.143079780831065678e-02,-8.680178914393880951e-02,-2.174223755912222111e-01,-3.252318871703237246e-02
3.536043222775667877e-02,-6.207119500168872123e-02,-1.933581779578540660e-01,-9.210921052871819115e-02
1.953118451844756964e-02,7.190359104766970433e-02,4.554802488783941117e-01,2.650682429499148784e-02
1.747378794375295877e-02,6.863975089752716308e-02,4.707784896334783475e-01,2.272982026474458864e-02
4.588515744108087602e-02,1.621121860083252486e-01,3.850235826813541151e-01,-1.990773912583071166e-04
-6.773132567815098870e-02,-6.910461435534426267e-02,-1.677328765652290332e-01,4.190665338220038449e-03
2.926119639226644822e-02,5.652741118002758275e-02,4.684291856955002942e-01,1.820405547170994912e-02
1.060006690859488510e-01,-1.424984709243806436e-01,3.360797935480662191e-01,1.266398570298621074e-01
4.503479971236332147e-02,1.832313234542383706e-01,3.650325654526174191e-01,-7.683987971721121461e-05
-9.796081503603605578e-02,6.831325505781431218e-02,-2.600215283557242296e-01,-9.530906292655877410e-02
-5.208222111445395125e-02,1.442624439196988906e-01,-2.492237676536508961e-01,-1.377346064120981151e-01
-4.572149099659408161e-02,-1.088150517431980685e-01,-2.033844250953196209e-01,-2.705718342539235183e-02
-1.980423904002266006e-02,1.243929022079326985e-01,-2.575860753589795937e-01,-1.265807390694346501e-01
-3.378878759537150278e-02,2.409461578702682960e-01,3.875439204056673748e-01,-4.479441941059899950e-03
1.315940253282739392e-01,4.172852975923674670e-03,-6.886820195320370042e-02,1.719231723885019658e-01
-5.750659376485035140e-02,1.838708610012428427e-02,-2.501692829551898645e-01,-6.808936064058754289e-02
4.589142563340209424e-01,1.502009133400195318e-01,-9.343864710295171627e-02,2.834532616840998442e-02
2.856783600931044054e-02,1.909374189876784922e-01,3.689938125223223286e-01,2.922781220191055657e-03
-6.152140263365664385e-02,-3.446475384018425625e-02,-2.747351076574553463e-01,-3.325688712920667200e-02
-5.030231633242572553e-02,-6.423579643577810583e-02,-2.549542957873580651e-01,-2.708574270494142761e-02
-4.677143179491751596e-02,-4.137513437885886186e-02,-2.825953304561791279e-01,-2.643625463054733241e-02
1.624117825979628019e-02,5.793543363703396176e-02,4.608762645621011234e-01,3.256897228057182431e-02
-4.493127205432768251e-02,1.492503813854341443e-01,4.040554698316188853e-01,-4.752730423222544832e-03
4.544506461443952317e-01,-9.587604488251511015e-02,-2.760341468924333921e-02,7.845066216685939176e-02
-7.040534051229624390e-02,-1.074666087266447217e-01,-1.199113121971470269e-01,-7.394889824416353737e-03
-4.347136665428278507e-02,-9.843892080484267781e-02,-2.212271073029289103e-01,-3.684075649844958944e-02
-1.880458089476427438e-02,-1.169250433451690940e-01,-1.977229685944087711e-01,-5.812555842616198842e-02
-4.221874443525433854e-03,-9.545945052489125671e-02,-1.693431894998154164e-01,-5.575363679227212516e-02
-4.914266423136620654e-02,-1.103726217194064829e-01,-1.822300522521636268e-01,-6.343281305756798272e-02
3.376992072578284543e-02,1.748876326255249525e-01,3.763518167952051852e-01,-1.298752140701115755e-02
-1.737343621453006914e-01,-2.634680701401467470e-02,3.213881144294779557e-01,-1.684850965306604609e-01
-8.172058974310383861e-02,-1.122843014631574876e-01,-1.226104635925468617e-01,-2.796279646169617938e-02
-4.145954013439445002e-02,-5.322748590575330369e-02,-2.458581151796282449e-01,-6.163301004072758993e-02
-1.965635874954930751e-01,-2.565577970146289410e-01,1.203703403971934094e-01,5.172892852425379530e-03
-3.005580762602675510e-02,-1.209113802401261678e-01,-1.983192490168379507e-01,-2.809171437751319111e-02
-1.712712438356919081e-02,-8.450762772889408581e-02,-1.711595627952202381e-01,-4.558383635282076130e-02
-5.692268736089541731e-02,2.260464517871518531e-01,3.991283688657735751e-01,-2.830284552526073256e-03
4.355367834446535052e-02,2.043771785644272754e-01,3.268029169531906364e-01,1.288807487741853823e-02
1.272736416280487726e-01,3.087782072499351549e-01,-1.357117277074974260e-01,-7.182724309897151049e-04
-5.749480643898489951e-02,-1.051850607433279516e-01,-1.819434932317735565e-01,-4.675479084641784994e-02
-5.072925457666373900e-02,-9.671119406344770575e-02,-1.964768684998464687e-01,-5.266083412054636120e-02
-4.186198918711547812e-02,1.789337622746060563e-01,-2.530102267497897350e-01,-8.083969759820414103e-02
4.018186657259172762e-02,-1.959414245484536743e-01,7.961048644503369853e-02,-3.762907972967610704e-02
9.715492295055554173e-02,-1.424535169641948096e-01,3.942523865217119061e-01,9.246805623142476116e-02
3.045271680475543016e-02,1.814096183557500630e-01,-2.143140277003456884e-01,-1.397264587206632769e-01
-3.034860547913425383e-02,-8.651371091092602272e-02,-1.841716563196748591e-01,-5.554417855076909660e-02
-5.495938038973720990e-02,-9.384396113689420782e-02,-2.032630620950733880e-01,-4.411174763879940897e-02
-3.592263077214377653e-02,2.618770264057954655e-01,3.622068708225337219e-01,4.605822833188257187e-04
2.348224459412565357e-01,-8.535249620494292366e-02,2.756897456969751303e-01,4.406215330620984194e-02
6.008791042420413148e-02,-9.044523168410709135e-02,-1.596648735973224265e-01,-5.095595640327891390e-02
5.757055184084920729e-02,1.870077611004249685e-01,3.284519772940348581e-01,1.979155850419236917e-02
-6.101125542095495874e-02,-2.918660913911875696e-02,-2.815749756480253052e-01,-1.100531105240413338e-02
2.337292236807154144e-01,-1.598982891802903372e-01,-1.591815266644265314e-01,-3.662755909650234482e-02
2.584730539047694342e-02,6.684095328796438307e-02,4.476222028958448118e-01,4.511138716521708586e-02
2.204062196239879937e-02,9.891495717549021738e-02,4.206022031819928730e-01,4.986406641961958763e-02
1.316255788334281807e-01,2.831811654635315589e-01,-1.742650438327238704e-01,1.188801482752607080e-01
1.078303914757841042e-01,-1.866706868019928425e-02,-1.089178358240813632e-01,2.459763617679926184e-01
-8.040581646554928463e-02,-1.188704058393896673e-01,-1.544897063884209665e-01,1.078777743285558137e-02
3.429407211444530229e-02,1.895568764427349173e-01,3.355652788526078401e-01,3.340562132971363479e-02
6.888406323967632972e-02,-1.749339391813731215e-01,3.430469636322523441e-01,6.462476104894218643e-02
-6.289807315393314280e-02,-9.332585780320179492e-02,-1.890632642265796526e-01,1.930904392321038804e-02
-8.873453464915774178e-03,-2.580159978451344593e-01,1.896432792758649677e-01,-8.053197922631785688e-02
-6.165307688237096212e-02,-7.674598242324033592e-02,-2.564505371849895576e-01,2.927144523009728508e-02
-6.453359815997618265e-02,-5.133143385213477516e-02,-2.790285010686944234e-01,-2.684618179697984518e-03
-1.567469422910599403e-02,1.592727399261564813e-01,4.284196997029554588e-01,1.540410333949713412e-02
1.340473060064955868e-01,-4.354755436359506598e-02,-5.053821898365905979e-02,2.076603160802545089e-01
-1.771101747094937229e-02,-1.233356832674256387e-01,-1.135244847059673073e-01,-4.500696581616205755e-02
-7.495298727183664911e-02,-2.957690351062211565e-01,1.824247586061645832e-01,-1.652808874886090573e-01
-7.400214014416446606e-02,-1.411517357895454017e-01,-1.177286931027136108e-01,-5.629558222408097279e-02
-7.083762467896202730e-02,-3.002880979241032700e-01,1.867648563587250843e-01,-1.628172850161618557e-01
-2.053589984564907489e-02,-9.397030706941394973e-02,-2.691878428594063344e-01,3.158985139659381720e-04
-6.548455083441710733e-02,-1.013984948055196011e-01,-1.039873793498384547e-01,3.489227372927080489e-02
5.345247417790166544e-01,9.112634011736249484e-02,-9.802649363459295384e-02,3.759726047771125290e-02
-7.355120754946374573e-02,-1.180244019829920915e-01,-1.160756649027322868e-01,-4.052687682531634639e-02
4.617436233173961846e-02,2.660395942888593157e-01,2.611061839954587627e-01,1.990170812344381826e-02
1.405773863891148778e-01,-2.454272176902071514e-02,-3.809692700583697245e-02,2.140841111252388684e-01
2.998879115145395083e-02,1.250972255610196537e-01,4.240275979711266574e-01,1.310823405590213868e-02
-1.381239901805491992e-02,1.760202728633862290e-01,4.294725955379703475e-01,-6.586206437979777711e-04
-5.406995676612447871e-02,-5.952221183140140454e-02,-2.681363683905231832e-01,-9.049614272454223340e-03
-6.944097840463085702e-02,-3.085056545340645884e-01,1.188412051905717720e-01,-8.907272351238025576e-02
-8.780306599847641225e-02,-1.195893317628226038e-01,-1.142622863235237818e-01,-3.752346717568164763e-02
1.400790870782144676e-02,-1.078255455032350735e-01,-9.249698611941463422e-02,-1.246352834567605872e-02
-8.133712351315855460e-02,-3.117627891575331933e-01,1.858192852276130957e-01,-1.318975238174241449e-01
-9.713309230285865903e-02,-1.264910829380141988e-01,-1.249492381459073598e-01,-4.620473787372421370e-02
-1.384020852382665187e-02,1.670462462469612941e-01,4.185292665422442049e-01,1.848654447412454577e-02
5.394526710807484235e-04,1.706808091312538855e-01,4.200973676282040437e-01,1.504219308964443438e-03
2.197190847209900544e-01,-5.821121875683114844e-02,-4.612403414815350461e-02,1.488380169234906347e-01
1.002118491204475187e-01,3.186906456165333745e-01,-1.579883579939642957e-01,9.650771199647988074e-02
-9.607636520716623593e-03,1.776361455610132589e-01,3.749385607813486287e-01,3.985477891785844939e-02
-8.863393850457076950e-02,-1.491691339653582471e-01,-1.302787961576735709e-01,-2.809628263290166184e-02
-1.117338828745245705e-01,1.709789909584183976e-01,-2.132911510007425848e-01,-5.332108343654978939e-03
3.788382462467422551e-02,2.707043860193430462e-01,2.751100493134364111e-01,-1.276411217951696486e-03
-9.325088903096967474e-02,-3.027047533331177487e-01,1.957928359721955724e-01,-1.758153448686101405e-01
-4.101140261163474174e-03,1.415947023034608843e-01,4.356427500587106150e-01,1.808553663849425674e-02
-1.964997965072378117e-01,6.503256661404771544e-02,-2.419440078874839362e-01,6.833086520171321315e-03
1.745773298511245006e-02,-1.007608084695890555e-01,-2.561539264233485547e-01,-4.721149352678363949e-03
-2.768001950165453057e-02,1.644387107729407549e-01,3.995456220537640379e-01,3.751753541445330964e-02
-7.036629092483419334e-02,-1.201597898584087776e-01,-1.111558913574118707e-01,-5.469617911984959308e-02
-5.332658763535039204e-02,-1.436174073601660384e-01,-1.054207439169635996e-01,-4.261341234802427241e-02
-1.323770570137842127e-02,1.607634612619267822e-01,4.208494093309347872e-01,2.184668384802011115e-02
3.130697551358226360e-01,2.163170325644170333e-01,-9.490830395067656466e-02,8.274336498993470346e-02
7.791702619884817438e-02,1.602112470703228597e-01,3.410024982090361090e-01,1.169107726129348102e-02
1.236083523461929123e-01,3.610153567543295527e-01,-1.476785897137223025e-01,1.438767293526971303e-01
3.579846376572994315e-01,-1.453520378262839197e-01,2.156561737899702069e-01,3.993307511851384994e-02
1.298948913086757535e-02,3.128950380831732603e-01,-1.614156400891274268e-01,1.603529616145848991e-01
-4.894954782331541882e-02,-9.047777198278568467e-02,-2.727378366967487255e-01,2.158700524234628826e-02
-8.455909259394993327e-02,1.460396008359088615e-01,-2.156574115050582940e-01,1.759875200259516242e-02
8.502704579919879990e-02,3.437450731768993406e-01,-1.485537779185344964e-01,1.760035076819346234e-01
1.694289682434834965e-01,-3.502280662246072540e-02,-5.224428310357602523e-02,1.738599702220494647e-01
-2.142039281839258069e-01,8.899054579122048225e-02,-2.369811917065261786e-01,2.901642283872877398e-02
-4.674449696126450199e-02,1.680028915333492689e-01,4.219726226972164151e-01,4.499083147020242063e-02
6.506536594765158221e-02,3.234208937116286320e-01,-1.607111784206627925e-01,1.130467675008797745e-01
-5.062304660676666263e-02,-1.585711711844974003e-01,-1.520582479854629965e-01,-1.032568548377709242e-02
-1.446111752368175463e-01,1.602165760387937732e-01,-2.333610625779652670e-01,-1.102248948451417347e-02
-7.076405355653152263e-02,-5.088425235536286201e-02,-2.651482268642732509e-01,-3.181618484335822956e-03
-9.545432210233809056e-02,-1.323898424016016206e-01,-1.312769987219039869e-01,-2.745698803466069607e-02
-1.620615140352040517e-01,1.570152036247691452e-01,-2.437887040859516574e-01,-5.574313676411663671e-02
4.001559700834870781e-01,-1.009425760439336822e-01,2.264137706590901855e-01,2.639468404085644135e-02
-7.998145020031408037e-02,-1.379857934611564418e-01,-1.330172824597298242e-01,-4.179362513930404144e-02
1.934579700643199868e-02,1.537614433733106856e-01,4.263692024828710236e-01,-6.454594123110285117e-03
-1.032145474701891448e-03,1.525123585197949994e-01,4.422198779128707069e-01,-9.678242218461134694e-03
-3.487402832747041326e-02,-2.706791768608939330e-01,2.449656005968499084e-01,-1.811905466689864852e-01
-3.342048281482912914e-02,-5.402505717769805899e-02,-2.739028273516294631e-01,-2.482978391634619100e-02
4.319914687421225197e-02,-1.077585596838840087e-01,-1.014416881874009163e-01,-3.997705026343179729e-02
-5.477120577602675316e-02,-1.290677570812546471e-01,-1.413578972388197796e-01,-6.118129116440315651e-02
2.204338628556441193e-01,-1.436336719524018701e-01,2.151763984054152479e-01,8.804525943083958694e-02
1.499692660678673684e-01,-1.802289430677387339e-01,-7.165255438243491037e-02,-5.506591987819785955e-02
-8.594724866593414503e-02,-1.242282027256913363e-01,-1.268218044014049473e-01,-2.578089546747397431e-02
8.770436829192485018e-02,-1.735948658550198753e-01,3.014716021983562810e-01,4.604074410423612818e-02
1.255305552278044856e-01,3.376097637801694917e-01,-9.514235071085593021e-02,4.122388044237895732e-02
6.938717335454676338e-02,2.369170929721394758e-01,2.623229168143154655e-01,-1.220533440150160104e-02
-2.097816444457883955e-01,1.303284360458824842e-01,-2.496603132401337966e-01,-5.106462962046322968e-02
-3.621965434662658551e-02,-1.152104288447246133e-01,-1.186422473661792876e-01,-6.210582070297400448e-02
2.947329794918733259e-01,-1.277885532641210298e-01,-2.769158810431716911e-02,1.121690106160608685e-01
-7.655791776803470838e-02,-1.190046910614481618e-01,-1.248535720349899791e-01,-6.856197039603162402e-02
-1.842826880342375295e-01,1.508830479538844083e-01,-2.471955590614350606e-01,-6.958295211871497188e-02
-2.106063134724721064e-01,9.298890672615396646e-02,-2.419901373683892576e-01,-4.357060714579556737e-02
-8.236049754757511498e-02,-1.189535299637424215e-01,-1.189712316838142658e-01,-7.309289206537268602e-02
-3.898313324840072674e-02,2.416280407799934471e-01,3.731748079635095472e-01,-3.599786675559838584e-02
-1.456805060908946403e-01,1.538700035822515022e-01,1.314920326366046943e-01,-1.800596813884666192e-01
-5.071396933988707445e-02,-1.323117492662058414e-01,-1.375730266939031443e-01,-7.137940596050823538e-02
-6.427893256281398682e-02,-1.399784125688711411e-01,-1.305698952202708485e-01,-6.235091090854830154e-02
-8.833630555690850927e-02,-2.642914797834634566e-01,2.031631648506923571e-01,-2.089135307708222533e-01
-4.087527930376252949e-02,-2.826944464118925082e-01,2.321365938714758659e-01,-1.101450194163233337e-01
3.151692391850669656e-02,2.428494872546173855e-01,2.990654455128871070e-01,-4.641000794650935318e-02
-6.291821030836933226e-02,2.035442076393380595e-01,-2.147567468812259517e-01,-4.924740171024603874e-02
1.868194245576629969e-02,1.573118094103455600e-01,4.060242175888466032e-01,3.403879284544614713e-03
-1.404793695761753954e-02,-1.265367216900591951e-01,-9.668340605991998515e-02,1.668991344709241931e-02
1.589555048224285672e-01,-5.776425146715308961e-02,-4.559566275895062665e-02,1.926262581431711085e-01
1.776851028739924176e-01,-3.393190192299015695e-02,-3.467615868335480883e-02,2.253448064718487354e-01
1.328260016165833390e-01,3.152866166470125187e-01,-1.631753073139383670e-01,1.186845377898394643e-01
-5.805958294398606140e-02,2.544454144129192352e-01,3.795514817466049129e-01,1.528453552396592807e-02
-4.972519769183042504e-02,-1.295540089926333627e-01,-1.291965558503999356e-01,4.976112743595364086e-04
-1.727874942992113916e-01,1.320655581291221015e-01,-2.459237768350263365e-01,-4.653243825538786599e-02
2.403508819219366682e-02,1.412344430310820687e-01,4.124168654930195910e-01,1.573545202320753358e-02
2.180288422589059250e-02,1.293581896665497721e-01,4.220660884826926140e-01,1.979468636436942583e-02
9.794416285874411876e-02,-1.310428707425751182e-01,-8.930177148654759589e-02,-2.017767189012581799e-02
2.794728080783716290e-05,2.679887632754293092e-01,3.262683810862494482e-01,-2.863242902984006362e-03
-4.342724698583680376e-02,-1.150420669122834416e-01,-1.461170138658926254e-01,-5.391823496491388382e-03
-5.655954555668432637e-02,2.716517826157386351e-01,3.650907292754723699e-01,2.238882404977411179e-03
-1.068763335273684584e-01,-1.583823326423170474e-01,-1.115382985836183699e-01,-1.858118650720044437e-02
-5.094820799277793855e-02,1.913508571869667330e-01,4.092735341695286078e-01,3.974566537578663739e-02
-7.882338913265991842e-02,-1.395791596932119127e-01,-1.103229094656850012e-01,-2.245269296894757127e-02
-6.998100542039455141e-02,-3.416298511461901555e-02,-2.695588739149578639e-01,2.532471318946819330e-02
9.799924658630736196e-02,1.554123364732211687e-01,1.775801852925951996e-01,6.743008038737069443e-02
-7.110591788407398528e-02,-1.547295825598095642e-01,-1.393598455693917382e-01,-2.538280524722890882e-02
-7.015675725695548481e-02,-2.965987213008962620e-01,1.564822411588477902e-01,-1.035049138614996533e-01
1.113097877313587586e-01,2.111731579373943568e-01,2.245665999832600623e-01,3.617230308748516088e-02
-1.493958916244146062e-01,1.021808846154303591e-01,-2.436263248246984814e-01,-5.613681942682142989e-02
-3.953981197440428991e-04,2.590315237864539433e-01,3.237484888139408046e-01,1.003723425885170648e-02
2.746751673546423203e-02,2.113015938569395014e-01,3.146546903865075073e-01,3.139804776059066521e-02
5.008191981310800012e-02,2.304725617653103353e-01,2.808774022279523219e-01,3.198996493313031181e-02
-5.183514967415912139e-02,-2.977637765139168335e-01,1.622090724431771852e-02,-3.780013231674409641e-02
-1.008256771804848795e-01,-3.048188176034954955e-01,8.423955629215454377e-02,-5.357321276867787335e-02
1.544158578836800633e-01,5.944635391496715104e-02,-1.843245146975985016e-01,2.090841516384479015e-01
-1.382561000031959364e-01,1.595436665310872859e-01,-2.217677061908442659e-01,-1.509801159755078809e-02
-2.108421897214318719e-01,4.414644619012801641e-02,-2.417984027514294421e-01,2.411599502223119723e-02
-1.907219209990079290e-03,1.577419189413252210e-01,3.896926058432060302e-01,4.709454316496056864e-02
-9.067454653585287072e-02,-1.548674357250613143e-01,-1.423822020638784158e-01,6.714603306428816587e-02
3.382021095389170506e-01,1.146037391014105705e-01,-1.276400737765639171e-01,1.260560738757323940e-01
8.982420384363240529e-02,2.861576295934987746e-01,-1.707669910736993313e-01,1.160070063760646891e-01
-2.901518034110325134e-02,-1.332230640193569349e-01,-2.394755552320163294e-01,8.893564833197230290e-02
9.714757860112614718e-02,-3.468724623289422271e-02,-1.269440194069936245e-01,2.903055357782576840e-01
1.176495503525095271e-01,-1.622661578973444985e-01,2.201766708178218568e-01,1.348617854665088989e-01
-2.056166320974595896e-01,4.713805493983096173e-02,-2.400604695829283708e-01,4.576089548005450591e-02
-3.151434132282561473e-02,2.604983120741767300e-01,3.018470441237981472e-01,6.079083386435293890e-02
-2.856676951675687220e-02,2.653902800561677711e-01,3.041548882018622058e-01,5.244344999822929398e-02
8.201339555709928619e-02,-1.852963077258270030e-01,3.294139798968792054e-01,8.549078101134580110e-02
-1.281662209019445997e-01,-1.507711000174194460e-01,-1.170169684209971250e-01,4.897613807985665840e-02
-6.594078292788710383e-02,-9.038386776134764433e-02,-2.575444192344976679e-01,6.469091866322818074e-02
-5.045844178758644022e-02,-1.326568396120531290e-01,-1.587673849793765080e-01,4.530451511851191909e-02
-1.078346659360284177e-01,-1.297616388570901336e-01,-1.466426338204480651e-01,1.606078735306237446e-02
-4.623055569011144672e-02,-2.824914428180096415e-01,9.738914050350272467e-02,-3.404529325588512290e-02
2.491457860244429279e-01,-5.419098641317802306e-02,-3.544036332432713710e-02,2.689074124525585585e-01
8.151504387686842046e-02,1.015624077279997373e-01,-1.531218837842436564e-01,1.978662809188707350e-01
-3.686874424644000919e-02,2.707436937248260955e-01,2.839280471186561017e-01,7.541885214245970526e-02
5.048383520010913533e-02,3.031784463540204144e-01,-1.606823437725812820e-01,1.648419109579494501e-01
-9.318258670731978388e-02,-1.580117299349594884e-01,-1.536830528596588030e-01,2.669921824143390784e-02
-1.105635753019016260e-01,-1.348176779309205597e-01,-1.455673418040063505e-01,2.337044377632435319e-02
2.238102061857398517e-02,1.186166810586170156e-01,3.971677976341421168e-01,5.525634942816796957e-02
-2.655240873563951068e-02,2.953749998162134571e-01,2.649305138185047426e-01,5.946874384042347139e-02
2.452030264467143228e-01,-3.933324500083418274e-02,-4.391557262517681998e-02,2.316676399187930224e-01
-4.500774043285150211e-02,1.441845118479170018e-01,3.934561743977125770e-01,6.458890292672254951e-02
-3.757732111088216143e-02,2.846341750923404024e-01,3.188437155413001989e-01,2.712127921674574102e-02
-9.892263155603656100e-02,-4.632416423416408496e-02,-2.562198627160142683e-01,4.308850724571113011e-02
-5.181127848951197490e-02,2.379590686940352973e-01,-2.136292025858763655e-01,-1.689673887914915421e-02
-4.058379294528305370e-03,2.621533452056267754e-01,3.114272590709860622e-01,2.249962375741823561e-02
-1.058904861301793870e-01,-2.733294794209402065e-02,-2.665452572392461583e-01,5.190540051016033843e-03
-5.433504781587547572e-02,2.899772793319186914e-01,-1.744057550130831413e-01,1.987853722365387210e-01
-2.878443732134831207e-02,-1.205526096979068207e-01,-1.648059671198392195e-01,2.676486287859013158e-02
-6.430132682523984067e-02,-1.608275058569266780e-01,-1.634172799894097472e-01,-1.503203858892787452e-02
-3.093005646943233072e-02,3.048591722794020131e-01,2.591983333372537834e-01,5.989439959227903926e-02
-1.266159301104412271e-01,-1.475915101467021873e-01,-1.076147040160144452e-01,-1.635600698734642963e-02
-7.564267658311103759e-02,-5.453386486871978495e-02,-2.685923697461769510e-01,9.590759937504267710e-03
-6.995476558973633130e-02,-1.626105181170077463e-01,-1.625205447608857878e-01,-1.089232279287437322e-02
-1.079919555722515107e-01,-1.905099064926391583e-01,-1.082199354966172922e-01,1.943646301003610103e-03
1.855650085807815722e-02,3.979951272171550758e-01,-1.399947878495456932e-01,2.070650085138120988e-01
6.229251889307064506e-03,1.041613966153627086e-01,4.383286751945378312e-01,4.470252504029351842e-02
-9.849704215124471807e-02,-1.613013738491060056e-01,-9.670850546871646858e-02,-2.567122979143711403e-02
7.603761789801975757e-02,4.195624922477702579e-01,-1.394051721235855523e-01,1.792269107172940745e-01
-7.097691146182465161e-02,-1.693880920524447053e-01,-1.597128478817300412e-01,-5.900299864504802289e-03
-5.924524358471761759e-02,-1.410419143318910606e-01,-1.065904031737570368e-01,-2.470059017013859215e-02
9.863983024437547598e-02,3.793399348339922539e-01,-1.151569057854889555e-01,1.723989894466186612e-01
1.444086580098732399e-02,1.061777562737233199e-01,4.397847223961678376e-01,3.201850426862323795e-02
-2.615668376831479375e-02,3.247095719682395742e-01,2.420264401422277389e-01,5.224252039734986197e-02
-1.392755852175399101e-01,-3.221991765275894481e-01,1.755019236630663282e-01,-7.900531317843961787e-02
-6.007941781904247575e-02,-1.847121008725232383e-01,-1.546557906182102482e-01,-5.330841950728234212e-03
9.512808135484067742e-03,1.030520801948786175e-01,4.363012615030952279e-01,4.355569890604329281e-02
-6.566495359077301197e-02,-1.859288024244968029e-01,-1.435818375892360943e-01,-7.602557655998252485e-03
-4.884457499938535396e-02,-2.625719657218848480e-01,1.851249706068882617e-01,-1.304865811461212999e-01
1.961266283355490581e-01,1.391966164238263581e-01,2.192938449621953667e-01,3.000475901792810929e-02
-5.468067685031719610e-02,-1.098012019312480103e-01,-2.398856831914685794e-01,7.989410712529615780e-03
2.984528842800691570e-02,-1.452423862417292488e-01,-1.055629921508727531e-01,-5.601806129590923555e-02
1.122292144633165248e-02,3.768829842246709805e-01,-1.430554915459824328e-01,2.099714346144791466e-01
1.685859711697123842e-01,-6.150190538164009707e-02,-6.320496468184969019e-02,2.241427476332734647e-01
-4.499757831595397467e-02,-1.336379761544596312e-01,-1.361281396591653425e-01,8.985542869074767888e-03
-5.589016878154902390e-02,-1.400580842026776240e-01,-1.427959185909677409e-01,-2.063397968530978135e-02
-2.332039827081793526e-01,2.048335008093233323e-01,-2.134443447441153330e-01,9.043667538246942528e-02
-1.140309153324448876e-01,-6.473062080609473523e-02,-2.192280051604027502e-01,3.411390038437951862e-03
-5.759583735950028760e-03,2.701569651613671130e-01,2.956419996613554591e-01,3.198246765272993314e-02
-2.410307416056597929e-02,-1.681078199427847863e-01,-1.136062784504904277e-01,-6.416097870666298553e-02
-5.090028584057515459e-02,3.099582095902994050e-01,-1.570406326818534204e-01,1.728045576716271958e-01
-1.013502433764870980e-01,-1.872935751571397911e-01,-1.089757871352661084e-01,-6.958545591611293817e-03
7.653070594783456526e-02,3.384792208713459649e-01,-1.427446003073056802e-01,1.617565222276224624e-01
-3.835272876485897736e-02,-3.026745956294061290e-01,6.667236226124868825e-02,-6.502318912748647484e-02
-1.278260225104027592e-02,1.563572706804788326e-01,4.294295611507403243e-01,1.841761915932406748e-02
7.937583734389830337e-02,-1.521404406939673715e-01,-1.026762909203207397e-01,-6.333725699011462373e-02
3.327588922813493749e-02,-7.266415774574548625e-02,-2.519571755162718918e-01,3.767292773379021624e-03
-1.617912338299164754e-01,-3.511514910046995563e-01,1.791798099950816237e-01,-5.521523642096730355e-02
3.076051117640681357e-02,-1.269725548122277448e-01,-1.214385538809322207e-01,1.472446256248893717e-03
3.012319575281937473e-02,2.516073281505787906e-01,2.582919974120079787e-01,4.659932742409506751e-02
6.927058576311095894e-02,-2.144779342878654071e-01,1.046460375355290212e-01,-4.381684027127943221e-02
3.700189996859999941e-01,-1.139125759359992107e-01,1.613949833433208914e-01,4.352044164617635547e-02
4.217800706434824548e-02,4.084110793290851582e-01,-1.375519247995758698e-01,1.947846871456418716e-01
-4.390740325297189106e-02,-1.452442348242397041e-01,-1.616827520081272895e-01,-3.094376117516524013e-02
-5.994552880937947803e-02,3.381974075820545766e-01,-1.667640648742196030e-01,2.093340348410436813e-01
1.198842734510640884e-01,-1.923079563519015656e-01,3.538258219982320374e-01,3.021970964210369398e-02
-5.030710816106536386e-03,1.360422624412248871e-01,4.412984145969592320e-01,1.931188251742475825e-02
-5.472259048633252437e-02,-1.396601814148218657e-01,-1.532332700358910726e-01,-4.136210932345878860e-02
-3.644809518061784687e-02,-2.731037197690191487e-01,2.367336189572997185e-01,-8.295995526816475618e-02
-5.073615934810388195e-02,-6.834824424791741126e-02,-2.751278476364826253e-01,-1.036590002799942824e-02
-1.495976565911682522e-02,-2.914907752446150857e-01,1.696884092670152000e-01,-1.250160196237862231e-01
-5.955694300214923326e-02,-6.581998711080215558e-02,-2.765358159782457248e-01,-8.654051693063391027e-04
-2.042977732899201593e-01,2.026983108652260501e-01,-2.166727420093441936e-01,5.489405317353641955e-02
-4.103634894749726668e-03,3.398267165546882129e-01,-1.573463134059145951e-01,1.690450804854748135e-01
-1.226576308050632003e-01,-1.657488248600224034e-01,-1.047716124602965926e-01,-6.600083135122144888e-03
-1.684016143834885793e-01,2.028909307463279132e-01,-2.253348469760540485e-01,1.766737935271260607e-02
-7.962745477092188218e-02,-1.485960824779074818e-01,-1.548993440840709113e-01,-4.655269927604015374e-03
1.563990034842672183e-01,-4.480970393321311029e-02,-6.987148571870224756e-02,2.037040349071439771e-01
5.167673988595393453e-02,-4.242810164648874727e-02,-2.406842153108675608e-01,3.057425810899005395e-03
-5.481660916724278437e-02,-8.507110347980169351e-02,-2.527741752264557884e-01,1.788373661299651196e-02
-1.275615690157115290e-01,-1.512961347447169536e-01,-1.099808147094936683e-01,-1.139632790582178297e-03
-4.910345895156260909e-02,1.816647316532394307e-01,4.047300476510873879e-01,3.533052838673982066e-02
-2.075138943811333583e-02,1.209386104665210876e-01,-2.097756449515407740e-01,2.781027266262895217e-02
-1.069346073121702073e-01,3.185959107955062958e-02,-2.117925769672789060e-01,2.148944193939443872e-02
1.414856712442777720e-01,6.982508651730177929e-02,-1.947466138714235850e-01,2.098577048493404651e-01
-4.438133085648526127e-02,-1.385263134404246532e-01,-1.873482132642833586e-01,-2.132229369931075771e-02
-3.604680643360268916e-02,-1.654588328690163590e-01,-1.656511236141963161e-01,-2.762138834368866105e-02
5.330712624589829807e-02,-2.026562416401290201e-01,3.381967447553045347e-01,8.577421937842429067e-02
-2.091318351887715143e-01,-3.382661333969287920e-01,1.895525410495863816e-01,-2.493272372438649562e-02
8.912751831413537329e-02,3.761386440928549679e-01,-1.581043733488484149e-01,1.402600596813556866e-01
1.511419398520840174e-01,3.667214708876079254e-01,-1.217161276790837132e-01,1.550745656788892757e-01
1.809845715751570022e-02,-1.287127564907823707e-01,-1.582064556369607300e-01,-9.957396290276735243e-03
2.597077853447651028e-04,-1.693845512398446385e-01,-1.848769182648487275e-01,-4.217638954115539296e-02
-1.060785158643787751e-01,3.278643581473253583e-04,-2.253885958754679453e-01,-8.638903878804473496e-03
-5.182830811893727324e-02,-7.351774500628896480e-02,-2.558924128283431298e-01,-1.539685306934254544e-03
4.972162756926215956e-04,-1.687920209248300329e-01,-1.853759982164792930e-01,-4.270734839488731643e-02
-3.718528798473286906e-02,-1.438566018580067496e-01,-1.897842481543461912e-01,-3.315201326341821880e-02
-4.442553563282183871e-02,-1.454466702008047063e-01,-1.849175355252666852e-01,-3.118840990161080712e-02
5.699563115839593325e-02,2.192616338427106626e-01,2.707111122557568916e-01,4.625347148263690006e-02
1.037207939002585677e-01,2.640230545920053684e-01,-1.557957093469219123e-01,1.792737095941548398e-01
3.430408833606152785e-01,-1.514022147029104315e-01,2.124019136524771811e-01,4.338126642931748600e-02
-3.139440764004843010e-02,-1.701543789948697649e-01,-1.230018576815570391e-01,-8.102750694402903464e-02
-2.272751971402027782e-01,1.865394255022985726e-01,-2.314098309840395828e-01,-1.632548638557694727e-03
-9.228813485796594218e-02,-2.765096373805025695e-02,-2.657396810464223158e-01,-1.749937161806471714e-02
-7.418396472373471606e-02,-1.449647216886034429e-01,-1.051467242303475436e-01,-6.708274061781870079e-02
-1.205533867899415829e-01,2.616176561303639736e-01,-2.095468024030726628e-01,-3.029561819785229690e-02
-7.931761788333113739e-02,-1.812878966807844050e-01,-1.076339232654381778e-01,-3.733871343095062495e-02
-1.951567085212856057e-03,2.839365698509047631e-01,2.874318406687513816e-01,2.220500530505970307e-02
1.273652970048446686e-01,4.150707803622015746e-01,-1.445605678993007737e-01,1.447463392717523722e-01
-3.494290121121753495e-02,-2.760293029167962819e-01,2.512454752723451423e-01,-8.725142240483321765e-02
-3.078197118307658339e-02,-1.742723206929340796e-01,-1.192988240298832464e-01,-8.062503535461036652e-02
-1.658370549283950598e-02,-1.730675049236721219e-01,-1.176918939143838799e-01,-8.823504692960872087e-02
-7.485433927051535208e-02,-6.124878366881922331e-02,-2.484676490937855198e-01,-1.440737922738362549e-02
-4.698533705113842190e-02,1.770087154010440422e-01,4.165572458629391295e-01,1.804122452665945717e-02
3.016635672892298281e-02,3.833848874929046691e-01,-1.483084320688838054e-01,1.845790365865555005e-01
1.315681453391364698e-02,2.596494179559545867e-01,2.910544166472872063e-01,2.996119960234724239e-02
2.863838268863310582e-02,2.701472434474421758e-01,2.510356762096263572e-01,3.800054639380016225e-02
1.797051294210219238e-02,3.787646716153014181e-01,-1.520613385740496315e-01,1.411480027561445860e-01
1.682298473721335853e-03,-1.573969371210942880e-01,-1.078337741489206886e-01,-7.022973846421075306e-02
-8.585518891860852153e-02,-4.529058587578748546e-02,-2.632952066849373329e-01,-7.337169781170184250e-03
-4.947159602693317754e-02,-1.515491114987888022e-01,-1.473655964812619901e-01,-5.619184725352017323e-02
-2.359698979893658233e-02,3.132081556239993958e-01,2.609246500007821878e-01,3.048603291365882886e-02
-2.067703221517267365e-03,1.284584687108643319e-01,4.022557120864553859e-01,3.997537116369843241e-02
-3.972446933973410726e-02,-1.827460270585783142e-01,-1.397121289122815191e-01,-3.879552594991032138e-02
1.723771701030114289e-01,1.614432147030258335e-01,2.253744723488578794e-01,2.442699158460443637e-02
-4.222437676636373732e-02,-1.708088918201534634e-01,-1.492570770132706226e-01,-4.328780566071614710e-02
-3.608626832771036352e-02,-6.913251726067640157e-02,-2.715773906892777756e-01,-1.578197498283863409e-02
-8.886697115442647454e-02,-4.007685907247408169e-02,-2.638425547909592495e-01,-6.591766242643634990e-03
1.400927590109509180e-01,3.526606254248830785e-01,-1.195891690829434806e-01,1.542576333866067240e-01
7.132380816444312127e-03,-1.313211260592409557e-01,-1.247597880620444077e-01,-3.082961795566331945e-02
-1.070551885490450593e-03,1.758580902045055461e-01,4.153850947092528889e-01,2.449215711235087998e-03
-5.368790809122719887e-02,-7.314700913172163255e-02,-2.571386980207048256e-01,-1.940453601684988261e-02
-7.956490856614339968e-02,-2.719809021348686406e-01,2.089729403344345871e-01,-1.318052808939254583e-01
9.065915930481159915e-03,2.965983947522658482e-01,2.683819331743345082e-01,1.677560488242120160e-02
3.864321428726034957e-02,-1.995733126433120175e-01,-1.054630348947187823e-01,-6.318501800973376492e-02
-5.796954897268109114e-02,-5.179811804212300363e-02,-2.759661222771633282e-01,-1.984436196853577375e-02
-5.826326987875378449e-02,-5.184955023484606046e-02,-2.758450105745121061e-01,-1.942032057239120174e-02
-3.797525084232366427e-02,-1.574583741932091552e-01,-1.157267922458299347e-01,-4.901773397914155339e-02
-1.559971300977514852e-01,-3.397148113927547786e-01,1.821651497334014769e-01,-5.823135950339693861e-02
8.805234042482595891e-02,3.540473485485553518e-01,-1.713739925787325646e-01,5.949615234484904869e-02
-1.439088445637761761e-02,2.235789698725471897e-01,-2.271650121505097430e-01,-9.000122452616260427e-02
-7.743848890057001416e-03,2.455249710655164896e-01,3.672700745604816075e-01,-1.342934799643783622e-02
-4.343248094590136665e-02,-1.126008478739500690e-01,-1.520991102067638101e-01,-4.804571223388909296e-02
1.861988833405098798e-01,-2.799689697908369634e-02,-7.861545704767788911e-02,1.470353194257477680e-01
-1.677143073580063815e-01,9.851769886501074436e-02,-2.437389000676291329e-01,-1.384264269987878042e-02
-4.504505765249358640e-02,-1.135654714134490123e-01,-1.796536556491349079e-01,-2.191396654542673850e-02
-8.462400887062951002e-03,1.754101445276564641e-01,4.355105770387793229e-01,-1.043647193986939337e-02
-4.249991781326237228e-02,1.735903904554793042e-01,-2.462575331368605513e-01,-7.141109076585976101e-02
5.262088221659670662e-02,-7.769189675725531041e-02,-1.288718573140036905e-01,-5.503527940584216488e-02
2.129711081401502448e-01,1.103183966986681641e-01,2.379821916430377438e-01,2.635015225764301278e-02
3.945000443802937351e-01,-1.083711328117845651e-01,-7.057513567601658711e-02,8.046807284700374652e-02
-6.448198194894172453e-02,-1.152598806066291448e-01,-1.542951825635392182e-01,-6.214110614139431443e-02
-4.889915332034513312e-02,-1.124292436098113523e-01,-1.592514674462491009e-01,-4.759828688409870751e-02
-4.984948246092812951e-02,1.742076530814063717e-01,4.307883332425616052e-01,5.675344876464314021e-03
6.002312947948469368e-01,5.178773544187329630e-02,-1.085918165157750831e-01,2.739463501855178562e-02
-4.601141542738575174e-02,-1.144888746404866681e-01,-1.277530795266511032e-01,-5.332478166598091096e-02
-4.898959078878376006e-02,-2.490908351564350559e-02,-2.810054596563549834e-01,-3.547401729972069623e-02
-7.568341281417872990e-02,-1.117721650149032797e-01,-1.660302144810027747e-01,-4.969235895041962392e-02
8.647762595548018696e-03,2.316784498737807507e-01,3.819121831684311186e-01,-2.961654689825554340e-02
-1.334184873596181431e-01,-1.139700579768251204e-01,-1.177757928868116144e-01,-2.541381303724947471e-02
1.583160461242278938e-01,-1.323112666538678490e-02,-1.006077784590583973e-01,1.951447077397131802e-01
1.296942615763016157e-02,2.121103566424989428e-01,3.928944422538110381e-01,-2.635237631443569997e-02
-1.669059899236007699e-02,-1.041535618808345359e-01,-1.862597869272364093e-01,-1.167420346007312995e-02
-4.430519095380081041e-02,2.746120975021037469e-01,3.308455649389449027e-01,1.286937725225664048e-02
-1.009581172769138252e-01,-2.695958105992234399e-01,2.370805339001292034e-01,-1.067047572844949388e-01
5.205760564076333113e-02,-7.940166094259647200e-02,-1.335210293733540554e-01,-1.129130665853172871e-01
-3.967338572191642099e-02,-1.078363545920163480e-01,-1.684580060738520013e-01,-7.121040487271951269e-02
-9.367190496620170226e-02,-1.270874261452739629e-01,-1.222252174575354233e-01,-6.019360269149345855e-02
-2.388909946260522055e-01,-1.343125590180907318e-02,3.238068155720537078e-01,-1.154627163046895028e-01
-7.646752993893762840e-02,1.226776189328216415e-01,4.222132533177161418e-01,-1.380149357209888017e-02
-4.828311376658538101e-02,-9.613040328631577980e-02,-1.970546672790615683e-01,-5.130996692854150609e-02
2.990245000095566597e-01,-1.176297134361602714e-01,2.510037371005301443e-01,7.262332506557203637e-02
-4.659140180343305376e-02,2.589198979445321847e-01,3.858488932226836754e-01,-1.415554062427787363e-02
1.466517472798217481e-01,-1.570050251892915749e-01,3.388234037438461188e-01,9.915172290512151709e-02
3.961678705437772507e-02,1.910601875467116406e-01,3.513837879664623576e-01,5.561086171950731238e-03
-4.100779452037288386e-02,1.501670460222511994e-01,-2.512333011691679219e-01,-1.379041015932143122e-01
-4.067741590739256535e-02,-1.118129226153744549e-01,-1.657766544205648840e-01,-8.391115831717245455e-02
-4.069645339492845848e-02,-1.118280024771590719e-01,-1.658468679264597512e-01,-8.380682746195701471e-02
4.330545291767515931e-02,-1.634185572692399557e-01,3.744391023181439793e-01,1.158958507729189319e-01
1.081610661822588748e-01,-1.725090460067506826e-01,-1.187494423142601563e-01,-3.148072912175226695e-02
4.756464803031291155e-01,-9.285050229148103518e-02,-1.123601813944156702e-01,1.209860521222639179e-01
-1.138755123369800670e-01,1.463046580321348544e-01,-2.555145754308409956e-01,-7.629272152481832159e-02
-1.262250924207631436e-02,-2.364222952115608428e-02,-2.787738457992826602e-01,-5.153956669798795409e-02
-4.052418724138880796e-02,-1.139059721173966561e-01,-1.607416927377187665e-01,-8.220629916400003234e-02
-8.392419738563211551e-02,-9.805782589086604883e-03,-2.581612559458997813e-01,-5.388691533988518301e-02
-2.850405962778207111e-02,2.638605251613209690e-01,3.472918910372038703e-01,6.773492168762134356e-03
8.982828822543903469e-02,-1.844190160923697419e-01,3.177967456722563533e-01,3.441583093417217853e-02
-4.315267490882748747e-02,-8.554469659655886127e-02,-1.553826493840888556e-01,-7.389813037102913040e-02
-6.352769065263264014e-02,-2.704511792018335359e-01,2.358558047509866362e-01,-1.042550861570231274e-01
-4.642741767126508379e-02,-1.969197762016735090e-02,-2.786006573359010585e-01,-5.685809863316956814e-02
4.326740416169270326e-02,1.178624724194104606e-01,4.242811489825906168e-01,-1.678917682419253654e-02
2.390877063439897365e-01,2.905661260822200997e-01,-1.381443999455652383e-01,2.712416258854074939e-03
5.320244235864631799e-01,-7.666316582294074866e-02,-6.658980316537274624e-02,1.048503941413466978e-01
2.482769798355471402e-01,-1.179984170883918888e-02,-6.920496821991800607e-02,1.495496788327060622e-01
1.870960419951358047e-02,-7.122015730566520764e-02,-1.453762029184726412e-01,-7.689139523588001124e-02
-1.056409717182888869e-01,1.535324431358081332e-01,-2.515775874870264106e-01,-1.616920351909966747e-01
-3.750142629708581865e-02,-2.600176864209400862e-01,2.416804745086648387e-01,-9.653951305114116810e-02
-8.374202910850880865e-02,-6.377669180756618747e-03,-2.512248149307530487e-01,-6.363363804048544070e-02
1.566901220130687694e-02,2.307631385249852285e-01,3.929989245524659891e-01,-4.900922653925374878e-02
-7.939344066609741249e-03,-1.116757613599719118e-01,-1.292494226694150261e-01,-9.291362316450767211e-02
-8.546604842640784239e-02,-9.632994821965418231e-02,-1.240216599417323512e-01,-8.576049467271019966e-02
-4.728136437041597501e-02,-1.884606419526863377e-02,-2.793738524437138215e-01,-5.767687025110466992e-02
1.056265614176429279e-01,-2.325207277760094060e-01,1.226610420434884885e-01,-1.091450269456276101e-01
-3.108913003650794551e-02,-8.520799014745007727e-02,-1.326742845386600922e-01,-8.760674653788626254e-02
-2.574793387149374932e-02,-2.551558456806537478e-01,2.593989287832950130e-01,-1.622733004916489807e-01
1.603432511961539256e-02,-4.685955410879616249e-03,-2.592901539295397462e-01,-6.303636703969915656e-02
-1.047984698487695321e-01,-1.076731703581120803e-01,-1.200029521530083382e-01,-4.950355890061446801e-02
4.492145903251523742e-02,-1.738019458119980654e-01,-9.633545071824772821e-02,-7.496221376277371895e-02
-2.790724380701355145e-02,2.699677155501216119e-01,3.202185594231390375e-01,2.774281757325777059e-02
2.733464765660644780e-01,2.407726903927988240e-03,-1.059148548487292285e-01,1.897825001182327775e-01
-1.089676797689016624e-01,1.358064026202011332e-01,-2.542903902042835673e-01,-1.393264839075208095e-01
1.446920401440233983e-01,-1.338855742644446956e-01,1.851878868610867535e-01,1.130274959988295663e-01
1.472622887620285703e-01,-1.703543959496910398e-01,-1.113838318999211541e-01,-1.310221217292037096e-02
5.215558295242055387e-01,1.025822794164961971e-01,-1.085655959102720530e-01,3.084933570906810141e-02
-6.672722011966489286e-02,2.143338148349913652e-01,3.819649113954144415e-01,7.650342628762867372e-03
1.215878422498623546e-01,-1.405832311786417710e-01,3.799540140574812486e-01,9.766322361079556036e-02
5.577956146981843943e-01,9.032234230930794028e-02,-1.021959367354348253e-01,1.349982846743989773e-02
-6.868566115906422909e-02,-1.088740133558242507e-01,-1.859907171774361490e-01,-1.922775956817950049e-02
-7.331454866645353841e-02,-1.022401264538260607e-01,-1.977545303167170809e-01,-2.346894582350743733e-02
-4.485605580030416206e-02,2.569991528410504045e-01,3.876909974039305373e-01,-1.221224570517175610e-02
-7.862896005261099663e-02,-9.537322231320544130e-02,-1.819961129024586510e-01,-2.297985599222915343e-02
2.126459340098837136e-01,9.960020288000042202e-04,-1.137900933529448488e-01,1.405700060537571350e-01
-3.644084783400061006e-02,-9.342269198181991918e-02,-1.851869202265659931e-01,-2.772769121811769974e-02
-1.547984915197366321e-02,-3.772006657549244191e-02,-2.689333660032640072e-01,-4.804486952977275738e-02
-4.868792519519730445e-03,2.055727373753332143e-01,3.881143574759851611e-01,-1.196453592295308385e-03
-5.024595458080287347e-02,-1.071885030736348388e-01,-1.959819790562932207e-01,-3.996171454977322235e-02
-4.272166837456647243e-02,-1.244106701542255222e-01,-2.024684175999329205e-01,-3.097739513177921386e-02
-1.018226705867251308e-01,-1.233246141260826850e-01,-1.397191483625355446e-01,-3.931171818516101396e-02
-5.343338396235609855e-02,-1.072912115920094112e-01,-1.969350334192197793e-01,-4.151852228691893520e-02
-2.318392842246401464e-02,-9.432037486218983191e-02,-2.603619028543581737e-01,-1.851194512149140214e-02
2.493572518220956713e-01,-1.516239962063836155e-01,-1.416745561038265933e-01,-7.843685077238921055e-02
-8.999876283750149475e-02,-9.973475646102360204e-02,-1.685536877241372022e-01,-2.969094423784203809e-02
-9.581969166274861838e-02,-2.430971083023440449e-01,1.584556703007139467e-01,-1.451702159612497552e-02
5.049373097245393044e-02,1.898924509880910438e-01,3.270711117173965565e-01,-4.354449384396538942e-04
-1.880712172227881618e-01,9.196822287836499757e-03,3.148736172239151587e-01,-1.817773735494599974e-01
5.096943965705724028e-02,-1.331637617848037691e-01,3.799791226453279602e-01,1.320370482219162256e-01
-6.143458601610255615e-02,2.670321239117336432e-01,3.432876797383513923e-01,-1.126336889447834312e-02
6.238956213997146061e-02,3.136650827718228118e-01,-1.728701801107015990e-01,1.024373839384047497e-01
6.539937143896225324e-02,-1.371557037585808825e-01,3.858674222416981769e-01,8.351075881741804041e-02
-1.142560684468960780e-01,-1.199647767485979288e-01,-1.457689971264594098e-01,-2.258830893855096403e-02
-5.866744452460204151e-02,-3.255967552653080826e-02,-2.803597221693653885e-01,-2.739130904000463759e-02
-2.838592191564954029e-02,2.813016811610417611e-01,3.046504053942505896e-01,2.645568409986174749e-02
-4.667264798343648963e-02,-5.253275185166079997e-02,-2.815286842092176167e-01,-2.244406721618808290e-02
-4.687746610642889999e-02,1.265359190947499268e-01,4.181281308307168154e-01,-1.376473507953566121e-02
4.090221026602591792e-02,3.528335128419719802e-02,4.249066882722716820e-01,7.172959891700733670e-02
-6.265002450191535510e-02,1.192736818939026527e-01,-2.571665053953302582e-01,-1.166353032571618292e-01
4.075369627181679166e-01,-1.021999168768282229e-01,-1.122128730152144316e-01,9.289767591337087793e-02
-8.451934710247027346e-03,-1.081795644585920729e-01,-1.896884550566792504e-01,-6.105819703498580053e-02
-6.226543814249246162e-02,2.689392201752394684e-01,3.710975309464496497e-01,1.065053576030820445e-02
-6.824649934187759781e-02,1.790585987559117909e-01,-2.539917587124937981e-01,-1.537984919620435653e-01
-1.079736426147837880e-01,-1.093959208900830427e-01,-1.394780432559107330e-01,-4.493054449972681830e-02
2.064483593531880185e-02,9.187014729282594327e-02,4.452688065670236672e-01,2.683805894433430317e-02
1.304224066336175381e-01,-1.479837386029877189e-01,3.869509855404980603e-01,9.223219516836982101e-02
-2.184993015028467364e-02,-9.964858178826005441e-02,-1.836867235912439666e-01,-5.819291573071544432e-02
-4.347166254004655728e-02,-1.052784952420404152e-01,-2.024131314645833124e-01,-4.701486201383381358e-02
-4.181105485544834438e-02,2.548944623705253765e-01,3.307120306564220180e-01,7.226410568004913021e-03
-6.405792320239574004e-03,1.177997805637092249e-01,4.288404869289274557e-01,2.418737356710460445e-02
-5.241413978097287513e-02,-1.185216373414044733e-01,-1.685532559077577985e-01,-5.288911823036915316e-02
-3.446124536768713220e-02,-2.377988704528309349e-01,2.729776506285968019e-01,-1.346956860685806778e-01
-2.924844657865166217e-02,-8.526481921778676643e-02,-2.589555138529529010e-01,-2.530937161111196723e-02
-2.888646231785680848e-02,-1.355374184392740544e-01,-1.469376624735067860e-01,-8.501660802986651944e-02
-1.515370717918293475e-01,-2.710301441451168913e-01,2.128769278764891804e-01,-7.648786320004542783e-02
2.697164509034472718e-02,-1.401016722014711835e-01,-2.447649332883404527e-01,-1.088319086103666650e-02
1.901163379291109096e-02,2.225209089657684547e-01,3.260458582326755672e-01,-1.455655225185215930e-02
1.056164673227948242e-01,3.240956136240555341e-01,-1.425200760039358749e-01,2.542984379658253316e-02
6.902744518893649817e-02,-9.324807435830816116e-02,-1.293225750271153052e-01,-7.603494706401747738e-02
